genotype ID,simple ID,slide,thickum,ad.cell.area,ab.cell.area,IAS,AUC_W,AUC_D,AUC_RW,AUC_W_night,AUC_D_night,AUC_RW_night,TA_d1_am,TA_d1_pm,TA_d7_am,TA_d7_pm,d1delta,d7delta,maxTA_d1,ad.SD.mean,ab.SD.mean,species
1.1.0.2013,1,38,703.8436667,1295.568133,1075.348667,0.253400259,NA,NA,NA,NA,NA,NA,NA,NA,NA,NA,NA,NA,NA,NA,NA,yf
1.3,1,39,437.5793333,362.09,244.1473333,0.292026641,NA,NA,NA,NA,NA,NA,NA,NA,NA,NA,NA,NA,NA,NA,NA,yf
12.1.0.2013,12,22,705.859,1243.022467,1268.188333,0.211551934,10.42256736,NA,10.55511532,0.290471447,NA,1.115996204,NA,NA,NA,NA,NA,NA,NA,NA,NA,yg
12.1.5.2016,12,NA,NA,NA,NA,NA,22.32037682,4.233586832,13.83233149,0.551049491,0.83434756,0.860634313,243.6889664,59.59430625,257.8399039,72.59130911,184.0946601,185.2485947,275.862069,NA,NA,yg
12.2.0.2013,12,23,717.913,1438.6074,1350.9691,0.163854316,16.33796939,0.662378843,6.979222692,1.794582209,1.085281506,1.418583819,NA,NA,NA,NA,NA,NA,NA,NA,NA,yg
12.2.1.2015,12,NA,NA,NA,NA,NA,17.29439804,12.96276212,14.30371398,1.997509697,2.30543245,2.564537896,158.7485389,15.41160543,245.9168459,63.17258,143.3369334,182.7442659,286.2407862,NA,NA,yg
12.2.1.2015.2,12,NA,NA,NA,NA,NA,8.93897706,NA,13.54242385,-0.098712259,1.656398452,1.547627555,150.7476821,26.38006415,194.2622539,57.17953894,124.3676179,137.082715,200.8368201,NA,NA,yg
12.2.3.2015,12,NA,NA,NA,NA,NA,22.55675691,21.56346901,26.08786319,0.962380208,1.745935556,2.974818107,307.1932133,44.96705528,212.8493018,48.44041249,262.2261581,164.4088893,580.8429119,NA,NA,yg
13.1.0.2013,13,10,885.62925,1801.4443,1498.321,0.107614055,18.14818957,NA,12.6324452,2.333844047,NA,0.319192328,NA,NA,NA,NA,NA,NA,NA,NA,NA,yg
13.1.1.2016,13,NA,NA,NA,NA,NA,NA,NA,NA,NA,NA,NA,NA,NA,NA,NA,NA,NA,NA,103.7913879,102.9336078,yg
13.1.2.2016,13,1,603.5656667,847.7978,861.1312,0.06488362,30.42763167,6.091521081,23.11994367,2.508800772,2.48277355,0.523337871,121.618958,99.4698563,190.3796275,27.40965185,22.1491017,162.9699757,290.6976744,106.1359867,NA,yg
13.1.3.2016,13,NA,NA,NA,NA,NA,29.33481069,17.44376346,21.22956701,1.160699447,NA,0.375796546,132.9046917,113.414111,118.1829832,19.58420974,19.49058069,98.59877342,136.6161616,NA,NA,yg
13.1.4.2016,13,2,826.114,1388.2019,994.4141,0.079213737,29.93273678,15.92613139,20.4690861,1.533375646,2.888329259,0.25188691,123.1102151,128.9886399,103.5184168,44.63093749,-5.87842482,58.88747928,170.8185053,NA,NA,yg
13.2.0.2013,13,23,554.026,797.9594,542.6482,NA,18.647216,0.509669922,7.02570922,2.080391324,0.730329542,0.281978783,NA,NA,NA,NA,NA,NA,NA,NA,NA,yg
13.2.1.201X,13,NA,NA,NA,NA,NA,29.95466497,17.31090279,22.87359897,1.66804244,2.074635719,0.619831567,141.2289479,87.93697943,111.0249113,15.98610792,53.29196844,95.03880341,161.5289766,NA,NA,yg
14.1.0.2013,14,26,625.1553333,925.336,723.1295333,0.196808847,15.49736926,0.187500931,4.626132647,2.173345243,0.296879016,1.471534196,NA,NA,NA,NA,NA,NA,NA,NA,NA,yg
14.2.0.2013,14,NA,NA,NA,NA,NA,9.741982349,0,9.273114783,2.331786425,NA,0.054333129,NA,NA,NA,NA,NA,NA,NA,63.46483705,88.60759494,yg
15.1.0.2013,15,21,771.974,1511.8029,1489.6315,0.317967714,NA,NA,NA,NA,NA,NA,NA,NA,NA,NA,NA,NA,NA,NA,NA,yg
15.1.1.201X,15,NA,NA,NA,NA,NA,20.66153583,7.346255808,12.87494461,4.038837999,1.676270822,0.894961733,104.9226533,45.2797619,315.6016973,35.93444144,59.64289136,279.6672558,369.088812,NA,NA,yg
15.2.0.2013,15,NA,NA,NA,NA,NA,NA,NA,NA,NA,NA,NA,NA,NA,NA,NA,NA,NA,NA,63.25823224,67.70833333,yg
15.2.1.201X,15,NA,NA,NA,NA,NA,37.42083763,5.545142617,22.07477454,4.087324621,1.672196168,2.629794681,113.9110689,50.57142857,152.8595071,36.35254677,63.3396403,116.5069603,173.5261402,NA,NA,yg
15.2.2.201X,15,NA,NA,NA,NA,NA,8.678170953,2.252851818,5.118592959,2.812953257,0.171146399,1.432849398,64.45126146,57.10318045,215.3835977,42.7118523,7.34808101,172.6717454,297.188755,NA,NA,yg
16.X.1.2016,16,NA,NA,NA,NA,NA,20.59581781,3.516146332,14.05530928,-0.382068007,0.962690875,0.439218823,253.5204446,42.31270635,268.9058343,44.62909485,211.2077382,224.2767394,327.3809524,NA,NA,yg
16.X.2.2016,16,28,605.0406667,718.5476,649.402,0.106432204,24.15913451,4.542786488,13.74356632,0.634100522,1.341875077,0.69058434,183.8447611,63.47643099,247.6744434,67.64931329,120.3683301,180.0251301,330.1759134,NA,NA,yg
16.X.6.2016,16,NA,NA,NA,NA,NA,31.16849776,5.823919888,12.43183376,1.5081468,2.385090675,1.163440543,195.8466328,36.17947987,299.2027363,52.41004338,159.667153,246.7926929,308.6419753,NA,NA,yg
16.X.7.2016,16,29,582.5381667,773.114,565.4561,0.109240881,31.97549335,9.645150453,17.28839336,2.421897534,2.906114905,1.768386576,162.5089403,33.00109773,245.6144674,48.44942213,129.5078425,197.1650453,255.8635394,77.20020587,86.63578659,yg
17.1.0.2013,17,30,915.8053333,1742.128067,1239.500933,0.184503069,10.00299683,2.09605261,2.542830439,2.347706658,2.003036887,1.399745421,NA,NA,NA,NA,NA,NA,NA,NA,NA,yg
17.2.0.2013,17,31,940.1501667,1456.887667,968.4908667,0.127447792,15.14392116,NA,12.26583039,0.010968503,0,0.405716886,NA,NA,NA,NA,NA,NA,NA,84.85856905,98.41827768,yg
18.1.0.2013,18,19,878.6555,646.0558667,477.5478667,0.127955476,14.71500669,0.205197196,8.502346517,1.166493651,0.276153305,1.557905071,NA,NA,NA,NA,NA,NA,NA,NA,NA,yg
18.1.1.2015,18,NA,NA,NA,NA,NA,24.08021103,11.38827334,16.03763057,1.219753294,1.369669125,0.968551997,68.50461825,14.17226791,62.92706184,25.45079907,54.33235034,37.47626277,70.53291536,NA,NA,yg
18.2.0.2013,18,20,497.39725,1010.2495,900.1381,0.096658331,15.19854597,NA,13.56459767,0.805524229,NA,0.445608693,NA,NA,NA,NA,NA,NA,NA,85.83333333,103.1195841,yg
18.2.1.2015,18,NA,NA,NA,NA,NA,31.46811342,21.19784059,26.41389074,0.373977658,0.983948455,0.550597,59.11687209,8.856209151,57.56194729,24.41293165,50.26066294,33.14901564,65.04761905,NA,NA,yg
18.2.3.2015,18,NA,NA,NA,NA,NA,21.98430101,12.878138,15.50344142,-0.070748717,0.728230189,0.235970384,39.48388245,15.2611009,48.29343086,18.9330985,24.22278156,29.36033236,49.90215264,NA,NA,yg
18.2.4.2015,18,NA,NA,NA,NA,NA,22.20031145,13.2537892,13.10835376,-0.545278615,0.349861504,-0.133472925,35.51700764,10.70204412,54.29444017,19.02403062,24.81496352,35.27040955,64.07322654,NA,NA,yg
19.1.0.2013,19,18,755.3383333,1181.142067,979.2829333,0.163929569,7.814511295,1.869777707,5.395031201,0.7807791,1.625741066,1.345718351,NA,NA,NA,NA,NA,NA,NA,NA,NA,yg
19.1.1.201X,19,NA,NA,NA,NA,NA,38.72921644,8.808760585,30.94575781,3.171535702,3.909818631,1.361331879,384.0328485,78.34804824,101.9511496,22.54858871,305.6848003,79.40256086,454.0654699,NA,NA,yg
19.2.0.2013,19,NA,NA,NA,NA,NA,8.74826054,0,12.27973438,1.733955003,NA,1.415930167,NA,NA,NA,NA,NA,NA,NA,70.10135135,124.1197183,yg
19.2.1.201X,19,NA,NA,NA,NA,NA,34.43481023,NA,29.0287243,1.605371458,2.945579202,0.87450362,104.3603812,104.3016456,204.286227,22.86086524,0.058735627,181.4253618,240.8759124,NA,NA,yg
19.2.2.2015,19,NA,NA,NA,NA,NA,45.97328322,11.22946244,34.22358832,2.578540635,3.796018982,1.596335102,165.7902055,91.24876109,138.4315471,21.60043224,74.54144441,116.8311149,175.4385965,NA,NA,yg
19.2.3.2015,19,NA,NA,NA,NA,NA,32.14590108,12.21938208,28.51392638,2.280899316,1.716457117,0.940992391,236.8187558,126.3982254,199.5702837,22.95455056,110.4205304,176.6157331,271.9449225,NA,NA,yg
1AB.1.0.2012,1AB,5,847.4725,1007.1274,858.6622,0.121968023,17.00050162,NA,13.6383381,2.771181095,NA,1.110997314,NA,NA,NA,NA,NA,NA,NA,NA,NA,yg
1AB.1.1.2013,1AB,NA,NA,NA,NA,NA,36.3159648,10.69486057,17.55369374,1.495297949,1.357220322,-0.151083838,80.59068355,15.89363662,69.52504822,24.06008416,64.69704693,45.46496406,91.01516919,NA,NA,yg
1AB.1.1.2015,1AB,NA,NA,NA,NA,NA,34.6809346,17.60519776,32.47739633,0.82524064,0.889548023,0.230704222,NA,NA,NA,NA,NA,NA,NA,NA,NA,yg
1AB.2.0.2012,1AB,6,601.5905,942.1742,934.4998,0.12676201,19.29775405,0.796041588,5.922796435,1.460433189,0.688531929,0.346668856,NA,NA,NA,NA,NA,NA,NA,67.66256591,90.16393443,yg
1AB.2.1.2013,1AB,NA,NA,NA,NA,NA,37.4779319,6.885296838,12.06393916,3.134026921,2.44737443,0.138939975,81.21277778,10.2210293,69.4948149,19.69268799,70.99174848,49.80212691,91.39784946,NA,NA,yg
2.1.0.2013,2,16,486.1985,1313.834,1328.7048,0.32082016,5.734774543,-0.230704806,-0.27418389,-0.188307431,-0.141205662,-0.19286108,30.88629084,32.58568709,39.59358318,28.29168399,-1.699396243,11.30189919,42.79279279,132.173913,108.7689713,yf
2.2.0.2013,2,15,476.8545,416.3822667,446.9686,0.273892719,15.05320759,0.143421126,NA,-0.333971292,-0.623620835,NA,36.65176631,27.149029,30.17102383,33.58944774,9.50273731,-3.41842391,46.15384615,NA,NA,yf
20.1.0.2013,20,11,687.5168333,630.0098,711.7607333,0.100582439,12.85420999,2.195035785,6.25738209,1.902481541,1.978958511,1.692840694,NA,NA,NA,NA,NA,NA,NA,NA,NA,yg
20.1.1.2015,20,NA,NA,NA,NA,NA,28.53280311,2.503936055,30.19516714,2.002189327,0.170108636,0.407941695,NA,NA,NA,NA,NA,NA,NA,NA,NA,yg
20.2.0.2013,20,12,733.711,1096.033733,965.9067333,0.1273326,15.5066315,NA,14.05281133,1.795589461,NA,1.529177281,NA,NA,NA,NA,NA,NA,NA,117.5,136.3636364,yg
20.2.3.2015,20,NA,NA,NA,NA,NA,32.63964019,16.43758636,30.33777112,3.495209374,1.094586989,1.024095403,NA,59.44940052,172.7078047,34.57633577,NA,138.1314689,195.0718686,NA,NA,yg
20.2.4.2015,20,NA,NA,NA,NA,NA,37.71178081,7.595471128,34.28701851,1.773112638,1.783867964,1.536428992,151.7241458,70.20207495,112.494155,31.24975911,81.52207088,81.24439591,175.5725191,NA,NA,yg
20.2.5.2015,20,NA,NA,NA,NA,NA,24.69304538,11.38581515,24.86800754,2.519586568,0.757603863,0.807865267,1.144640999,65.83434808,147.2827507,34.27420719,-64.68970708,113.0085435,159.6752368,NA,NA,yg
22.1.0.2013,22,25,585.5635,717.9047,567.2376,0.333525197,14.13760682,NA,21.28060966,-2.802569747,NA,-0.702537411,NA,NA,NA,NA,NA,NA,NA,158.172232,151.8883415,yf
22.2.0.2013,22,24,621.0051667,847.9743333,696.5342667,0.360452648,3.547583364,0.91482025,4.428234551,-0.730159701,0.100853005,-0.029201804,NA,NA,NA,NA,NA,NA,NA,NA,NA,yf
23.1.0.2013,23,7,1326.409333,1924.262733,1379.821733,0.126646408,8.94072319,NA,4.615702651,7.078945959,NA,4.016979075,NA,NA,NA,NA,NA,NA,NA,78.48324515,116.751269,ya
23.1.1.201X,23,NA,NA,NA,NA,NA,23.34053768,14.4716021,NA,7.916610526,6.001416012,NA,212.6420948,20.44748339,321.6540276,24.73503341,192.1946114,296.9189942,447.761194,NA,NA,ya
23.2.0.2013,23,8,1636.15625,2946.2537,2839.2744,0.097014907,10.95698942,8.197713491,6.980172595,6.044227244,6.556833711,5.271324058,NA,NA,NA,NA,NA,NA,NA,NA,NA,ya
23.2.1.2015,23,NA,NA,NA,NA,NA,22.21684116,15.19987293,NA,7.010893208,5.193554277,NA,280.3798877,25.07423549,301.2595845,21.40902578,255.3056522,279.8505587,322.7722772,NA,NA,ya
24.1.0.2013,24,37,1158.043,1768.7916,1836.5836,0.075127219,NA,NA,NA,NA,NA,NA,NA,NA,NA,NA,NA,NA,NA,NA,NA,ya
24.2.0.2013,24,36,1525.1025,2537.2754,2668.613867,0.125657723,NA,NA,NA,NA,NA,NA,NA,NA,NA,NA,NA,NA,NA,74.01315789,114.5833333,ya
27.1.0.2013,27,3,410.9073333,594.4578,621.6003333,0.179430122,14.39870512,NA,8.779202382,-0.28002898,NA,-0.266420308,NA,NA,NA,NA,NA,NA,NA,225.0423012,185.8333333,yf
27.2.0.2013,27,4,319.56,713.4108,524.7626,NA,4.805840936,-0.715350278,3.365780885,-0.301501419,-0.347427448,-0.259232872,NA,NA,NA,NA,NA,NA,NA,NA,NA,yf
2AB.1.0.2012,2AB,34,783.5311667,916.6647333,712.8098667,0.14627674,16.2047753,-0.396422817,3.120038653,2.525941573,-0.131514908,1.241124906,NA,NA,NA,NA,NA,NA,NA,NA,NA,yg
2AB.1.1.2013,2AB,NA,NA,NA,NA,NA,29.55011581,9.701363668,18.37632614,1.781548283,1.570779068,0.272465864,83.95553507,10.87482467,49.35095285,22.92456769,73.08071041,26.42638515,87.06896552,NA,NA,yg
2AB.1.2.2013,2AB,NA,NA,NA,NA,NA,32.89520802,8.354460439,17.8310437,1.540905365,1.662575959,-0.147746463,79.34045101,11.72316874,77.31265335,15.1879278,67.61728227,62.12472555,83.5443038,NA,NA,yg
2AB.2.0.2012,2AB,35,725.9343333,892.3194,670.5391333,0.240925902,12.10641023,NA,10.19413488,1.729424131,NA,0.600989128,NA,NA,NA,NA,NA,NA,NA,79.32263815,62.39015817,yg
2AB.2.1.2013,2AB,NA,NA,NA,NA,NA,37.33639557,8.821687975,22.49361496,2.724612404,1.543578804,0.27484911,77.51547606,17.16937355,55.06130242,20.98783331,60.34610251,34.07346912,83.76383764,NA,NA,yg
2D,2AB,NA,NA,NA,NA,NA,27.19360796,18.32484417,18.924034,1.035720758,1.334735885,-0.06002074,NA,NA,NA,NA,NA,NA,NA,NA,NA,yg
3.1.1.2015,3,NA,NA,NA,NA,NA,21.23689707,15.23364611,NA,6.90922574,6.429885793,NA,399.1755491,19.84721986,456.6052295,18.72342231,379.3283293,437.8818072,529.1005291,NA,NA,ya
3.1.3.2015,3,NA,NA,NA,NA,NA,37.13680392,39.59410264,NA,9.810465271,9.291185712,NA,147.8199713,19.59156333,351.6102578,21.71156956,128.228408,329.8986882,397.6253298,NA,NA,ya
30.1.0.2013,30,40,578.2911667,628.2163333,775.7916,0.235818745,14.04296683,-0.164874093,10.87811768,-1.874716545,-0.118911749,-0.455877013,31.5713071,30.29446031,29.36817171,30.60530517,1.276846793,-1.23713346,35.3200883,97.12837838,106.5140845,yf
30.2.0.2013,30,41,567.5863333,744.8432,513.6034,0.274388285,18.75996111,NA,14.8494446,-1.73547134,NA,-0.474066101,98.35472427,31.00275,135.3413694,30.14176215,67.35197427,105.1996072,230.0613497,NA,NA,yf
36.1.1.2016,36,NA,NA,NA,NA,NA,38.57130372,15.59856572,30.2614199,2.398933746,2.290862284,1.303582405,141.7146137,35.16791937,219.2150124,55.14166161,106.5466944,164.0733508,225.6267409,81.4891062,85.77800652,yg
36.1.2.2016,36,NA,NA,NA,NA,NA,31.14485493,7.009737185,15.41904476,1.619542015,1.672472364,0.93758322,NA,NA,NA,NA,NA,NA,NA,NA,NA,yg
36.1.4.2016,36,25,610.138,917.6155,803.2732,0.116378352,NA,NA,NA,NA,NA,NA,NA,NA,NA,NA,NA,NA,NA,NA,NA,yg
36.1.5.2016,36,NA,NA,NA,NA,NA,28.93846911,12.18533651,19.97749837,2.819926712,2.029920963,1.771341136,197.8871054,25.07007439,130.0421206,53.55726403,172.817031,76.48485657,224.4143033,93.69817579,97.01492536,yg
36.1.6.2016,36,NA,NA,NA,NA,NA,35.79296096,16.54728419,25.41944008,1.948550327,1.924660705,1.740782395,NA,NA,113.6470175,NA,NA,NA,118.5983827,NA,NA,yg
36.1.8.2016,36,27,615.3518334,930.8918,880.704,0.103643284,NA,NA,NA,NA,NA,NA,NA,NA,NA,NA,NA,NA,NA,NA,NA,yg
37.X.1.2015,37,NA,NA,NA,NA,NA,30.99704105,7.251857364,14.2807527,1.353681241,1.213536879,0.514819704,266.514201,32.29172784,123.273627,40.38092451,234.2224732,82.89270244,350.2454992,NA,NA,yg
37.X.2.2015,37,17,622.8836667,986.3644,710.7808,0.089029174,NA,NA,NA,NA,NA,NA,NA,NA,NA,NA,NA,NA,NA,NA,NA,yg
37.X.6.2015,37,18,583.3006667,979.5532,810.2242,0.095662323,25.42192031,12.4390855,22.02269907,3.551207301,2.670669138,2.4874057,211.5579174,24.99072436,110.3870692,42.76747811,186.567193,67.61959105,247.311828,75.45605307,77.94361526,yg
37.x.7.2015,37,NA,NA,NA,NA,NA,NA,NA,NA,NA,NA,NA,NA,NA,NA,NA,NA,NA,NA,NA,NA,yg
37.X.7.2015,37,NA,NA,NA,NA,NA,NA,NA,NA,NA,NA,NA,142.6236019,41.20810156,93.66484528,53.77667883,101.4155004,39.88816645,154.4461778,69.65174129,77.11442786,yg
37.X.8.2015,37,NA,NA,NA,NA,NA,27.0533992,8.44006772,17.02434817,1.663217874,0.702195055,1.084418905,172.7245791,34.79476047,132.2463768,72.67117813,137.9298186,59.57519867,174.4075829,NA,NA,yg
4.1.0.2013,4,1,516.2071667,370.2841333,402.9062667,0.246034199,NA,NA,NA,NA,NA,NA,NA,NA,NA,NA,NA,NA,NA,NA,NA,yf
4.2.0.2013,4,2,498.292,649.353,634.0331,0.322106786,NA,NA,NA,NA,NA,NA,NA,NA,NA,NA,NA,NA,NA,121.4165261,133.6898396,yf
43.1.1.2015,43,NA,NA,NA,NA,NA,23.21675487,5.471316526,29.0984142,0.816126847,1.692218365,3.039859832,120.5593395,26.67018437,75.60928318,28.40969595,93.8891551,47.19958723,149.5934959,NA,NA,yg
43.1.1.2017,43,NA,NA,NA,NA,NA,NA,NA,NA,NA,NA,NA,NA,NA,NA,NA,NA,NA,NA,72.13930349,88.72305141,yg
43.1.3.2015,43,NA,NA,NA,NA,NA,NA,NA,NA,NA,NA,NA,NA,NA,NA,NA,NA,NA,NA,92.86898839,94.52736318,yg
43.2.1.2015,43,NA,NA,NA,NA,NA,24.5118649,5.611078005,20.46980831,1.235154683,0.722300707,4.609642078,236.370762,26.94364621,174.4074738,30.33009345,209.4271158,144.0773803,252.4429967,NA,NA,yg
43.2.3.2015,43,13,650.4556667,1109.7227,753.2881,0.108771556,16.23302771,4.422623048,16.6115368,1.183043725,1.36797363,3.952304151,164.0117053,21.70308079,150.2922656,37.16455327,142.3086245,113.1277124,175.5368814,NA,NA,yg
43.2.4.2015,43,14,584.4993334,908.4636,663.1422,0.151889752,26.44869844,11.53092503,30.11373089,1.802394028,3.416344441,5.539187963,205.2280776,21.49071739,160.7461344,29.50821256,183.7373602,131.2379218,233.6956522,NA,NA,yg
45.1.0.2015,45,NA,NA,NA,NA,NA,42.93739606,16.12849852,34.78864765,3.472052321,1.346196388,0.302412415,152.4599099,128.1093102,89.62554747,21.550998,24.35059973,68.07454947,160.8571429,NA,NA,yg
45.1.1.2015,45,11,639.4955,832.4306,645.4933,0.097529248,25.71043332,8.255477265,23.18699816,1.405039462,2.001789058,0.243277864,103.3929422,58.27798945,89.58880445,24.18317095,45.1149527,65.4056335,104.1884817,NA,NA,yg
45.2.0.2015,45,NA,NA,NA,NA,NA,27.60855653,5.405100889,17.32714221,0.981931028,1.563284926,0.371073799,159.7808894,108.3373255,215.2818095,34.52709604,51.44356395,180.7547135,285.4251012,NA,NA,yg
45.2.4.2015,45,10,544.2285,1032.5229,622.0991,0.137310618,NA,NA,NA,NA,NA,NA,NA,NA,NA,NA,NA,NA,NA,NA,NA,yg
45.2.5.2015,45,NA,NA,NA,NA,NA,NA,NA,NA,NA,NA,NA,NA,NA,NA,NA,NA,NA,NA,82.34688626,73.76908561,yg
45.2.6.2015,45,NA,NA,NA,NA,NA,NA,NA,NA,NA,NA,NA,NA,NA,NA,NA,NA,NA,NA,92.64024704,127.8092297,yg
46.1.0,46,NA,NA,NA,NA,NA,12.11355983,8.103369924,13.26416127,1.883101663,1.380219125,0.756096397,238.4635934,36.32037936,176.4088371,20.0584444,202.1432141,156.3503927,257.1428571,99.50248757,113.2269686,yg
46.1.1.2015,46,23,543.5708333,802.8155,607.1635,0.107883025,23.54339905,5.527158347,22.16203705,2.429216613,1.019207944,0.587487966,136.632991,62.29143108,103.1627168,55.8019385,74.34155989,47.36077831,148.1958763,NA,NA,yg
46.1.2.2015,46,22,517.529,759.1897,677.232,0.097776321,42.0378791,17.79872517,32.986599,2.594723118,1.776021135,1.510933192,138.4667187,86.81392357,104.3982265,33.62071941,51.65279509,70.77750707,144.3456163,NA,NA,yg
46.1.5.2015,46,NA,NA,NA,NA,NA,NA,NA,NA,NA,NA,NA,NA,NA,NA,NA,NA,NA,NA,85.77800652,102.9336078,yg
48.1.1.2015,48,NA,NA,NA,NA,NA,16.75910833,10.19361317,9.647368467,1.013959614,2.736847489,2.963634973,161.1026692,22.27815066,125.2527702,37.28514014,138.8245186,87.96763005,226.7515924,NA,NA,yg
48.2.0.2014,48,21,662.7276667,825.7397,747.981,0.058992743,10.97043604,5.775976643,6.179545502,1.771370962,1.897585222,1.480163786,101.2585461,30.85435801,65.68251951,38.05777759,70.40418814,27.62474192,104.2028986,131.0116086,97.01492536,yg
48.2.1.2015,48,20,560.4655,1234.3513,799.3347,0.130217847,28.68414725,3.103514725,25.44425817,1.452802838,0.92353402,0.748293901,129.2842364,37.65640561,NA,70.9290645,91.62783075,NA,135.8630952,NA,NA,yg
48.2.3.2015,48,NA,NA,NA,NA,NA,31.15778477,7.368123524,37.81226881,2.649302093,2.181148538,2.166246507,143.142111,22.64492272,302.9862821,38.82762958,120.4971883,264.1586525,307.3047859,92.86898839,95.35655058,yg
51.1.0.2014,51,NA,640.2786667,1120.5736,835.6434,0.175669564,NA,NA,NA,NA,NA,NA,190.5694315,22.96288242,45.23899033,18.1643355,167.6065491,27.07465483,197.1502591,NA,NA,yg
51.1.3.2015,51,NA,NA,NA,NA,NA,NA,NA,NA,NA,NA,NA,440.4316106,20.05315026,111.8661024,7.023917194,420.3784603,104.8421852,915.8415842,78.77280266,137.6451078,yg
51.2.2.2015,51,NA,578.346,726.8065,571.5029,0.11196515,NA,NA,NA,NA,NA,NA,228.3691743,23.89099144,83.85245462,14.45683357,204.4781828,69.39562105,262.1376812,NA,NA,yg
52.1.0.2014,52,NA,NA,NA,NA,NA,6.959691142,7.962417313,13.58209181,-0.44288305,1.376679911,1.364690466,236.5444769,40.77583694,259.1260541,34.77395189,195.76864,224.3521022,274.9140893,NA,NA,yg
52.1.1.2015,52,34,547.3068334,784.1558,662.4251,0.120608478,NA,NA,NA,NA,NA,NA,NA,NA,NA,NA,NA,NA,NA,NA,NA,yg
52.1.2.2015,52,NA,NA,NA,NA,NA,26.8232736,11.68804421,22.15521959,1.589484552,2.333877889,2.154540326,237.84674,44.74372904,334.5621258,29.72685872,193.103011,304.8352671,358.2966226,93.69817579,126.8656716,yg
52.1.2.2016,52,36,553.7935,665.1917,666.4106,0.150905501,NA,NA,NA,NA,NA,NA,NA,NA,NA,NA,NA,NA,NA,NA,NA,yg
52.1.3.2015,52,NA,NA,NA,NA,NA,NA,NA,NA,NA,NA,NA,178.3576183,70.75435146,359.8584249,39.60499159,107.6032668,320.2534333,399.3344426,101.9900498,120.2321725,yg
53.1.3.2015,53,NA,NA,NA,NA,NA,15.2014962,6.801887054,22.90946845,1.120845739,2.359413191,2.954183265,NA,NA,NA,NA,NA,NA,NA,NA,NA,yg
53.2.0.2014,53,NA,NA,NA,NA,NA,NA,NA,NA,NA,NA,NA,NA,NA,NA,NA,NA,NA,NA,77.94361526,103.6484246,yg
53.2.1.2015,53,NA,NA,NA,NA,NA,29.57165397,4.584491857,20.73788439,1.698234101,1.115695457,0.836187454,343.876585,31.17265913,61.04670409,50.20219536,312.7039259,10.84450872,365.4159869,NA,NA,yg
53.2.2.2105,53,NA,NA,NA,NA,NA,21.86978764,6.334511346,27.34776848,2.335784025,1.852012717,2.14221983,154.5046728,20.20953322,246.8143129,25.78843619,134.2951396,221.0258767,272,NA,NA,yg
53.2.3.2015,53,7,669.089,902.4006,723.3146,0.123989916,16.30567137,1.335781584,1.897030502,0.857765825,-0.204684004,1.769791037,134.7994102,29.1659927,49.02284466,70.44006061,105.6334175,-21.41721596,149.9280576,NA,NA,yg
53.2.5.2015,53,8,760.4328334,1127.4717,969.582,0.099405028,15.45579592,10.02025441,13.28932891,1.607816727,1.219395778,0.926420671,268.4453092,25.33364529,95.72901325,48.32563528,243.1116639,47.40337797,339.7913562,97.84411276,100.331675,yg
55.2.1.2015,55,NA,NA,NA,NA,NA,NA,NA,NA,NA,NA,NA,NA,NA,NA,NA,NA,NA,NA,78.05798594,76.34242581,yg
55.2.1.2016,55,NA,517.6053333,794.84475,570.3313,0.074758672,NA,NA,NA,NA,NA,NA,144.6071757,17.20144901,115.4803386,15.12082773,127.4057267,100.3595108,147.6712329,NA,NA,yg
55.2.2.2015,55,NA,NA,NA,NA,NA,NA,NA,NA,NA,NA,NA,NA,NA,NA,NA,NA,NA,NA,81.4891062,62.61794476,yg
56.1.0.2015,56,NA,NA,NA,NA,NA,25.05222854,4.06767708,15.46384087,1.259784851,0.950665391,2.144120239,297.9825263,40.8047898,279.7085931,41.15219918,257.1777365,238.5563939,408.1632653,82.08955224,65.50580432,yg
56.1.2.2015,56,NA,NA,NA,NA,NA,NA,NA,NA,NA,NA,NA,NA,NA,NA,NA,NA,NA,NA,69.6517413,77.11442786,yg
56.1.2.2016,56,32,752.9995,847.3714,818.4537,0.150336508,20.05482903,18.94369864,13.43596219,0.787705552,1.502162742,1.030386381,187.1764408,16.50778889,253.9393336,25.93844034,170.6686519,228.0008933,288.4160757,NA,NA,yg
56.2.0.2015,56,NA,NA,NA,NA,NA,28.61420019,13.78158055,19.91032708,1.159499023,2.252198517,1.929003018,182.7473488,47.79448987,215.5543895,50.8358808,134.9528589,164.7185087,238.1530984,NA,NA,yg
56.2.1.2016,56,NA,NA,NA,NA,NA,36.90808688,30.93360613,30.60203858,0.295606991,2.913317213,1.831858377,213.2705772,27.91460544,434.6680974,31.39237495,185.3559718,403.2757225,475.2475248,NA,NA,yg
56.2.1.2017,56,31,693.7371667,1018.6182,649.5214,0.121932092,NA,NA,NA,NA,NA,NA,NA,NA,NA,NA,NA,NA,NA,NA,NA,yg
6.1.0.2013,6,29,NA,NA,NA,0.187377266,14.38712307,1.731469326,7.636875352,7.893294985,1.927417498,5.067401848,NA,NA,NA,NA,NA,NA,NA,NA,NA,ya
6.2.0.2013,6,28,1409.082333,2603.6616,2642.136733,0.100772908,13.15684023,NA,NA,7.841600121,NA,6.203185322,NA,NA,NA,NA,NA,NA,NA,87.67361111,69.11262799,ya
61.1.2.2016,61,NA,NA,NA,NA,NA,NA,NA,NA,NA,NA,NA,NA,NA,NA,NA,NA,NA,NA,101.9900497,79.60199005,yg
61.2.1.2017,61,NA,NA,NA,NA,NA,NA,NA,NA,NA,NA,NA,NA,NA,NA,NA,NA,NA,NA,55.55555556,73.79767828,yg
61.2.2.2016,61,NA,519.201,763.419,720.477,0.133921491,NA,NA,NA,NA,NA,NA,84.33994071,22.59253415,130.3483365,14.72631373,61.74740656,115.6220228,245.8628842,NA,NA,yg
7.1.0.2013,7,13,1074.795333,1986.7334,1518.376067,0.157294817,12.46850081,0,12.56047785,5.559490256,NA,5.789343831,NA,NA,NA,NA,NA,NA,NA,NA,NA,ya
7.1.1.201X,7,NA,NA,NA,NA,NA,29.31637632,20.12045346,NA,7.897184068,7.578042502,NA,199.7674316,19.88083887,269.6242297,23.05358189,179.8865927,246.5706478,292.9623568,NA,NA,ya
7.2.0.2013,7,14,1038.044,2051.9778,1594.0193,0.203226439,12.42387483,2.229096312,7.740545527,6.515277487,2.462850436,5.300227684,NA,NA,NA,NA,NA,NA,NA,59.93150685,71.79054054,ya
7.2.1.201X,7,NA,NA,NA,NA,NA,44.51417428,21.36263111,NA,6.442439728,7.732036447,NA,184.8289141,30.21857492,207.9316484,26.01964586,154.6103392,181.9120026,235.6020942,NA,NA,ya
70.1.0.2015,70,NA,619.9893334,746.464725,578.9537,0.139056473,NA,NA,NA,NA,NA,NA,212.9796918,226.3647192,137.7617045,14.80030356,-13.38502746,122.9614009,244.9768161,119.4029851,119.4029851,yg
70.1.2.2016,70,NA,662.0185,735.459,426.5342,0.240222341,NA,NA,NA,NA,NA,NA,156.2780775,129.9953091,196.5424374,15.00955632,26.2827684,181.532881,353.471596,116.0862355,153.3996683,yg
9.1.0.2013,9,33,520.4558333,817.6774,643.9472,0.262579405,3.791670041,-0.095938677,0.825436866,-0.032649919,0.008731303,-0.381306842,NA,NA,NA,NA,NA,NA,NA,NA,NA,yf
9.1.10.201X,9,NA,NA,NA,NA,NA,22.06330357,11.93054558,NA,-0.066343041,-0.451558786,NA,42.23191032,23.80495622,93.8719488,38.16839134,18.4269541,55.70355746,127.340824,NA,NA,yf
9.1.5.201X,9,NA,NA,NA,NA,NA,19.33314845,7.310821478,NA,0.009787371,-0.016665294,NA,42.46583763,31.17339957,31.54389831,43.24918637,11.29243806,-11.70528805,47.34848485,NA,NA,yf
9.2.0.2013,9,32,505.9636667,814.3854,815.7455333,0.244402349,8.97197024,NA,NA,-0.22081298,NA,-0.753466014,NA,NA,NA,NA,NA,NA,NA,62.39168111,64.03940887,yf
Eudy1,Eudy,38,588.3988334,826.5004,727.0734,0.100215828,39.59145032,31.42322731,33.02066101,1.775747309,0.75336546,0.881250618,84.8870946,51.64238008,368.9289817,27.18839737,33.24471451,341.7405844,381.4814815,82.34688626,106.3647281,yg
Eudy2,Eudy,39,564.6578333,715.0243,664.3216,0.084335947,35.51742463,6.18547732,28.20587087,1.87164112,-0.187534045,NA,82.71490947,69.22614546,112.5479164,34.9011875,13.488764,77.64672887,126.9614836,87.49356665,98.6447075,yg
Eudy3,Eudy,NA,NA,NA,NA,NA,40.31805148,5.742814959,25.22199459,2.057707387,1.911839648,1.35915983,149.4702044,36.78571429,209.7953991,24.94443825,112.6844901,184.8509609,251.3721186,NA,NA,yg
Eudy4,Eudy,NA,NA,NA,NA,NA,27.96048775,29.97057362,23.37296966,1.301858101,-0.120638154,0.119613675,112.5691258,74.33040718,134.7301373,33.08475702,38.23871862,101.6453803,183.4087481,NA,NA,yg
G.0.0.2013,G,NA,NA,NA,NA,NA,32.54612731,6.163714949,33.39494274,1.326383906,2.817062602,0.838459286,85.4477773,112.0462957,303.1860932,25.93680797,-26.59851842,277.2492852,319.5020747,NA,NA,yg
G.0.1.2015,G,NA,NA,NA,NA,NA,23.74599646,17.35528715,30.72533873,1.395908822,1.507753722,0.710574136,118.0315884,101.930666,113.2636547,20.66926259,16.10092239,92.59439207,146.2809917,NA,NA,yg
G.0.2.2015,G,4.5,743.9269083,823.84185,610.17815,0.135518539,34.2407385,19.96279753,33.23086776,1.087298201,2.561895318,0.530326648,109.3459045,31.49838507,101.0696493,28.19909036,77.84751946,72.87055894,112.7058824,121.8047693,118.8025391,yg
G.0.3.2015,G,NA,NA,NA,NA,NA,33.76636921,23.45916138,45.03600207,2.062893349,1.524733289,0.679401091,221.4780037,99.74127776,196.4591229,23.01197718,121.7367259,173.4471457,231.865285,NA,NA,yg
20.2.1.2015,20,NA,NA,NA,NA,NA,NA,NA,NA,NA,NA,NA,113.867871,61.05248348,133.87291,45.82686974,52.81538748,88.04604029,148.9769821,NA,NA,yg
45.2.3.2015,45,NA,NA,NA,NA,NA,NA,NA,NA,NA,NA,NA,240.4314841,125.1360732,132.3155216,32.40740008,115.2954108,99.90812152,248.0719794,NA,NA,yg
51.1.2.2015,51,NA,NA,NA,NA,NA,NA,NA,NA,NA,NA,NA,388.6033284,68.79273314,95.81276424,9.798245133,319.8105952,86.0145191,491.7537747,NA,NA,yg
55.2.0.2015,55,NA,NA,NA,NA,NA,NA,NA,NA,NA,NA,NA,125.6810141,115.8472643,80.71916993,16.24306596,9.833749817,64.47610397,173.5887097,NA,NA,yg
55.2.2.2016,55,NA,NA,NA,NA,NA,NA,NA,NA,NA,NA,NA,87.09166355,35.78190654,97.50151195,15.24031632,51.30975701,82.26119563,109.6408318,NA,NA,yg
61.1.3.2016,61,NA,NA,NA,NA,NA,NA,NA,NA,NA,NA,NA,43.51941687,62.34933542,163.1608957,1.393690111,-18.82991854,161.7672055,217.1903882,NA,NA,yg
61.2.0.2015,61,NA,NA,NA,NA,NA,NA,NA,NA,NA,NA,NA,98.2843412,212.4012898,122.2345061,12.91540947,-114.1169486,109.3190966,126.4822134,NA,NA,yg
70.1.3.2016,70,NA,NA,NA,NA,NA,NA,NA,NA,NA,NA,NA,175.1336898,169.8241901,127.0070678,12.22741919,5.30949966,114.7796486,175.1336898,NA,NA,yg
