Sample,Rep,Date,Time,Month,genotype,specific,initial pH,titrated ul 6.5,titrated ul 7.0,H+ uq/g
66,1,42957,D1PM,17-Aug,61,61.1.3.2016,5.96,926,2026,54.75675676
66,2,42957,D1PM,17-Aug,61,61.1.3.2016,5.77,1100,2200,55.97964377
66,3,42957,D1PM,17-Aug,61,61.1.3.2016,5.52,,2400,76.31160572
67,1,42957,D1PM,17-Aug,61,61.2.0.2015,4.74,3600,4520,100.8928571
67,2,42957,D1PM,17-Aug,61,61.2.0.2015,6.18,800,2800,58.27263267
67,3,42957,D1PM,17-Aug,61,61.2.0.2015,5.17,11020,22420,478.0383795
68,1,42957,D1PM,17-Aug,70,70.1.2.2016,4.58,4100,4850,113.7162954
68,2,42957,D1PM,17-Aug,70,70.1.2.2016,5.79,1450,3075,91.65424739
68,3,42957,D1PM,17-Aug,70,70.1.2.2016,5.75,2300,7800,184.6153846
69,1,42957,D1PM,17-Aug,55,55.2.0.2015,4.54,3600,4600,128.1337047
69,2,42957,D1PM,17-Aug,55,55.2.0.2015,6.03,1300,2850,63.82978723
69,3,42957,D1PM,17-Aug,55,55.2.0.2015,5.75,2600,7600,155.5783009
70,1,42957,D1PM,17-Aug,70,70.1.3.2016,5.88,2040,3640,72.07920792
70,2,42957,D1PM,17-Aug,70,70.1.3.2016,5.8,3100,13300,315.9144893
70,3,42957,D1PM,17-Aug,70,70.1.3.2016,5.53,2000,6900,121.4788732
71,1,42957,D1PM,17-Aug,70,70.1.0.2015,5.46,4400,15400,643.006263
71,2,42957,D1PM,17-Aug,70,70.1.0.2015,6.23,695,1485,20.79831933
71,3,42957,D1PM,17-Aug,70,70.1.0.2015,6.38,230,990,15.28957529
72,1,42957,D1PM,17-Aug,51,51.1.2.2015,6.36,195,890,22.76214834
72,2,42957,D1PM,17-Aug,51,51.1.2.2015,5.55,1595,2295,56.66666667
72,3,42957,D1PM,17-Aug,51,51.1.2.2015,6.03,1400,4640,126.9493844
73,1,42957,D1PM,17-Aug,51,51.1.3.2015,6.41,150,900,21.92448234
73,2,42957,D1PM,17-Aug,51,51.1.3.2015,6.45,,,
73,3,42957,D1PM,17-Aug,51,51.1.3.2015,6.39,210,1010,18.18181818
74,1,42957,D1PM,17-Aug,61,61.2.2.2016,6.25,375,1125,20.7948244
74,2,42957,D1PM,17-Aug,61,61.2.2.2016,6.42,,,
74,3,42957,D1PM,17-Aug,61,61.2.2.2016,6.4,100,600,24.3902439
75,1,42957,D1PM,17-Aug,55,55.2.1.2016,6.46,20,820,17.92349727
75,2,42957,D1PM,17-Aug,55,55.2.1.2016,6.63,,,
75,3,42957,D1PM,17-Aug,55,55.2.1.2016,6.42,120,880,16.47940075
76,1,42957,D1PM,17-Aug,55,55.2.2.2016,6.28,320,995,19.00668577
76,2,42957,D1PM,17-Aug,55,55.2.2.2016,6.51,,,
76,3,42957,D1PM,17-Aug,55,55.2.2.2016,5.32,1800,2415,52.55712731
77,1,42957,D1PM,17-Aug,51,51.2.2.2015,6.36,185,880,25.69343066
77,2,42957,D1PM,17-Aug,51,51.2.2.2015,6.35,235,950,24.51612903
77,3,42957,D1PM,17-Aug,51,51.2.2.2015,6.4,170,880,21.46341463
78,1,42957,D1PM,17-Aug,51,51.1.0.2014,6.5,,800,22.16066482
78,2,42957,D1PM,17-Aug,51,51.1.0.2014,6.45,120,920,25.8790436
78,3,42957,D1PM,17-Aug,51,51.1.0.2014,6.43,130,835,20.84893883
66,1,42958,D1AM,17-Aug,61,61.1.3.2016,5.19,,,0
66,2,42958,D1AM,17-Aug,61,61.1.3.2016,5.38,2250,2662,54.54918033
66,3,42958,D1AM,17-Aug,61,61.1.3.2016,5.07,2700,3352,76.00907029
67,1,42958,D1AM,17-Aug,61,61.2.0.2015,5.09,4308,5172,104.9087221
67,2,42958,D1AM,17-Aug,61,61.2.0.2015,4.94,4410,5221,99.35299715
67,3,42958,D1AM,17-Aug,61,61.2.0.2015,4.93,4320,5209,90.59130435
68,1,42958,D1AM,17-Aug,70,70.1.2.2016,3.93,8166,8931,203.6716078
68,2,42958,D1AM,17-Aug,70,70.1.2.2016,4.8,4600,5308,128.3675937
68,3,42958,D1AM,17-Aug,70,70.1.2.2016,5.04,4650,5506,136.7950311
69,1,42958,D1AM,17-Aug,55,55.2.0.2015,4.3,6715,7740,128.5714286
69,2,42958,D1AM,17-Aug,55,55.2.0.2015,4.73,5394,6395,74.88290398
69,3,42958,D1AM,17-Aug,55,55.2.0.2015,4.51,7385,8610,173.5887097
70,1,42958,D1AM,17-Aug,70,70.1.3.2016,4.65,6000,6550,175.1336898
70,2,42958,D1AM,17-Aug,70,70.1.3.2016,,,,
70,3,42958,D1AM,17-Aug,70,70.1.3.2016,,,,
71,1,42958,D1AM,17-Aug,70,70.1.0.2015,5.13,6655,11420,180.9825674
71,2,42958,D1AM,17-Aug,70,70.1.0.2015,5.12,4510,7925,244.9768161
71,3,42958,D1AM,17-Aug,70,70.1.0.2015,,,,
72,1,42958,D1AM,17-Aug,51,51.1.2.2015,3.75,15805,21170,491.7537747
72,2,42958,D1AM,17-Aug,51,51.1.2.2015,3.56,19210,,
72,3,42958,D1AM,17-Aug,51,51.1.2.2015,4.86,9200,15600,285.452882
73,1,42958,D1AM,17-Aug,51,51.1.3.2015,3.93,25000,37000,915.8415842
73,2,42958,D1AM,17-Aug,51,51.1.3.2015,4.45,5500,6050,146.4891041
73,3,42958,D1AM,17-Aug,51,51.1.3.2015,4.15,11000,13000,258.9641434
74,1,42958,D1AM,17-Aug,61,61.2.2.2016,5.13,2595,3295,87.86666667
74,2,42958,D1AM,17-Aug,61,61.2.2.2016,5.22,2455,3180,80.81321474
74,3,42958,D1AM,17-Aug,61,61.2.2.2016,4.98,2588,,
75,1,42958,D1AM,17-Aug,55,55.2.1.2016,4.73,4585,5390,147.6712329
75,2,42958,D1AM,17-Aug,55,55.2.1.2016,4.65,5900,6560,142.91939
75,3,42958,D1AM,17-Aug,55,55.2.1.2016,5.07,6150,8157,143.2309043
76,1,42958,D1AM,17-Aug,55,55.2.2.2016,5,3195,3999,90.68027211
76,2,42958,D1AM,17-Aug,55,55.2.2.2016,4.69,3700,4100,83.50305499
76,3,42958,D1AM,17-Aug,55,55.2.2.2016,,,,
77,1,42958,D1AM,17-Aug,51,51.2.2.2015,4.81,6400,7900,180.9851088
77,2,42958,D1AM,17-Aug,51,51.2.2.2015,4.27,8335,9510,241.9847328
77,3,42958,D1AM,17-Aug,51,51.2.2.2015,4.5,6205,7235,262.1376812
78,1,42958,D1AM,17-Aug,51,51.1.0.2014,4.8,,3805,197.1502591
78,2,42958,D1AM,17-Aug,51,51.1.0.2014,4.67,5565,6760,192.5925926
78,3,42958,D1AM,17-Aug,51,51.1.0.2014,4.68,7025,8425,181.9654428
51,1,42824,D1PM,April2-2017,16,16.X.7.2016,6.02,800,1250,32.67973856
51,2,42824,D1PM,April2-2017,16,16.X.7.2016,6,750,1350,34.48275862
51,3,42824,D1PM,April2-2017,16,16.X.7.2016,6.1,700,1600,31.84079602
52,1,42824,D1PM,April2-2017,16,16.X.6.2016,6.17,700,1600,41.39715395
52,2,42824,D1PM,April2-2017,16,16.X.6.2016,6.12,750,1450,35.49571603
52,3,42824,D1PM,April2-2017,16,16.X.6.2016,6.18,800,1500,31.64556962
53,1,42824,D1PM,April2-2017,56,56.1.2.2016,6.59,,350,8.95140665
53,2,42824,D1PM,April2-2017,56,56.1.2.2016,6.38,275,675,24.06417112
53,3,42824,D1PM,April2-2017,56,56.1.2.2016,,,,
54,1,42824,D1PM,April2-2017,12,12.2.1.2015,6.42,150,450,14.1955836
54,2,42824,D1PM,April2-2017,12,12.2.1.2015,6.53,,500,13.49527665
54,3,42824,D1PM,April2-2017,12,12.2.1.2015,6.28,400,675,18.54395604
55,1,42824,D1PM,April2-2017,12,12.2.1.2015.2,6.5,,600,18.63354037
55,2,42824,D1PM,April2-2017,12,12.2.1.2015.2,6.41,100,750,28.24858757
55,3,42824,D1PM,April2-2017,12,12.2.1.2015.2,6.32,250,950,32.25806452
56,1,42824,D1PM,April2-2017,56,56.2.1.2016,6.14,400,980,26.70299728
56,2,42824,D1PM,April2-2017,56,56.2.1.2016,6.18,500,1050,29.12621359
56,3,42824,D1PM,April2-2017,56,56.2.1.2016,,,,
57,1,42824,D1PM,April2-2017,52,52.1.2.2015,6.48,250,880,28.38709677
57,2,42824,D1PM,April2-2017,52,52.1.2.2015,6.36,400,1220,36.04135894
57,3,42824,D1PM,April2-2017,52,52.1.2.2015,6.3,850,2300,69.80273141
58,1,42824,D1PM,April2-2017,12,12.2.3.2015,6.03,1200,3200,43.71584699
58,2,42824,D1PM,April2-2017,12,12.2.3.2015,6.08,1500,3000,45.69687738
58,3,42824,D1PM,April2-2017,12,12.2.3.2015,6.1,1550,3050,45.48844146
59,1,42824,D1PM,April2-2017,56,56.2.0.2015,6.28,1000,2000,35.77817531
59,2,42824,D1PM,April2-2017,56,56.2.0.2015,6.24,1000,2500,60.0240096
59,3,42824,D1PM,April2-2017,56,56.2.0.2015,6.28,1500,3000,47.58128469
60,1,42824,D1PM,April2-2017,52,52.1.3.2015,6.14,1000,2800,76.29427793
60,2,42824,D1PM,April2-2017,52,52.1.3.2015,6.18,950,2000,57.06134094
60,3,42824,D1PM,April2-2017,52,52.1.3.2015,6.32,1250,2600,78.90743551
61,1,42824,D1PM,April2-2017,52,52.1.0.2014,6.52,,1800,43.32129964
61,2,42824,D1PM,April2-2017,52,52.1.0.2014,6.41,200,1200,37.26708075
61,3,42824,D1PM,April2-2017,52,52.1.0.2014,6.41,400,1200,41.73913043
62,1,42824,D1PM,April2-2017,16,16.X.1.2016,6.24,1000,2250,38.10330229
62,2,42824,D1PM,April2-2017,16,16.X.1.2016,6.14,1200,1800,46.39175258
62,3,42824,D1PM,April2-2017,16,16.X.1.2016,6.2,850,2050,42.44306418
63,1,42824,D1PM,April2-2017,56,56.1.0.2015,6.23,900,2200,46.90831557
63,2,42824,D1PM,April2-2017,56,56.1.0.2015,6.18,1000,2000,38.27751196
63,3,42824,D1PM,April2-2017,56,56.1.0.2015,6.2,600,1800,37.22854188
64,1,42824,D1PM,April2-2017,16,16.X.2.2016,6.14,850,2000,63.49206349
64,2,42824,D1PM,April2-2017,16,16.X.2.2016,6.2,650,2400,62.09573092
64,3,42824,D1PM,April2-2017,16,16.X.2.2016,6.18,800,2250,64.84149856
65,1,42824,D1PM,April2-2017,12,12.1.5.2016,6.22,880,2300,56.72009864
65,2,42824,D1PM,April2-2017,12,12.1.5.2016,6.15,950,2480,62.46851385
51,1,42824,D1AM,April2-2017,16,16.X.7.2016,5.15,4500,6300,169.1275168
51,2,42824,D1AM,April2-2017,16,16.X.7.2016,5.12,4800,6400,153.1100478
51,3,42824,D1AM,April2-2017,16,16.X.7.2016,5.12,4750,6000,165.2892562
52,1,42824,D1AM,April2-2017,16,16.X.6.2016,5.11,6200,7800,186.1575179
52,2,42824,D1AM,April2-2017,16,16.X.6.2016,5.18,5000,7250,207.7363897
52,3,42824,D1AM,April2-2017,16,16.X.6.2016,5.17,4900,6400,193.6459909
53,1,42824,D1AM,April2-2017,56,56.1.2.2016,5.04,6400,8000,184.7575058
53,2,42824,D1AM,April2-2017,56,56.1.2.2016,5.03,6600,8200,189.5953757
53,3,42824,D1AM,April2-2017,56,56.1.2.2016,,,,
54,1,42824,D1AM,April2-2017,12,12.2.1.2015,5.26,5600,7800,207.4468085
54,2,42824,D1AM,April2-2017,12,12.2.1.2015,5.24,5500,8000,130.9328969
54,3,42824,D1AM,April2-2017,12,12.2.1.2015,5.3,5000,7300,137.8659112
55,1,42824,D1AM,April2-2017,12,12.2.1.2015.2,5.25,5000,6400,165.374677
55,2,42824,D1AM,April2-2017,12,12.2.1.2015.2,5.23,4800,6500,131.9796954
55,3,42824,D1AM,April2-2017,12,12.2.1.2015.2,5.26,5800,8000,154.8886738
56,1,42824,D1AM,April2-2017,56,56.2.1.2016,5.14,7200,10200,199.21875
56,2,42824,D1AM,April2-2017,56,56.2.1.2016,5.15,7600,10400,227.3224044
56,3,42824,D1AM,April2-2017,56,56.2.1.2016,,,,
57,1,42824,D1AM,April2-2017,52,52.1.2.2015,5.14,5800,7600,205.9620596
57,2,42824,D1AM,April2-2017,52,52.1.2.2015,5.15,6000,8800,236.8775236
57,3,42824,D1AM,April2-2017,52,52.1.2.2015,5.2,7000,8500,270.7006369
58,1,42824,D1AM,April2-2017,12,12.2.3.2015,5.13,7200,8000,225.3521127
58,2,42824,D1AM,April2-2017,12,12.2.3.2015,5.22,6500,7580,580.8429119
58,3,42824,D1AM,April2-2017,12,12.2.3.2015,5.1,5800,7200,115.3846154
59,1,42824,D1AM,April2-2017,56,56.2.0.2015,5.24,6800,8000,168.0672269
59,2,42824,D1AM,April2-2017,56,56.2.0.2015,5.23,7400,9800,238.1530984
59,3,42824,D1AM,April2-2017,56,56.2.0.2015,5.23,7000,8500,142.021721
60,1,42824,D1AM,April2-2017,52,52.1.3.2015,5.18,8000,10000,204.2900919
60,2,42824,D1AM,April2-2017,52,52.1.3.2015,5.12,5800,7950,161.5853659
60,3,42824,D1AM,April2-2017,52,52.1.3.2015,5.25,6900,7800,169.197397
61,1,42824,D1AM,April2-2017,52,52.1.0.2014,5.28,7500,11000,260.9727165
61,2,42824,D1AM,April2-2017,52,52.1.0.2014,5.24,7250,10500,234.375
61,3,42824,D1AM,April2-2017,52,52.1.0.2014,5.23,8000,12000,214.2857143
62,1,42824,D1AM,April2-2017,16,16.X.1.2016,4.99,9000,11000,327.3809524
62,2,42824,D1AM,April2-2017,16,16.X.1.2016,5.21,7800,10000,214.1327623
62,3,42824,D1AM,April2-2017,16,16.X.1.2016,5.18,8550,11500,219.047619
63,1,42824,D1AM,April2-2017,56,56.1.0.2015,5,8000,12000,408.1632653
63,2,42824,D1AM,April2-2017,56,56.1.0.2015,5.19,7800,9300,258.3333333
63,3,42824,D1AM,April2-2017,56,56.1.0.2015,4.91,7500,8700,227.4509804
64,1,42824,D1AM,April2-2017,16,16.X.2.2016,5.03,8200,10000,202.8397566
64,2,42824,D1AM,April2-2017,16,16.X.2.2016,5.06,8000,9800,181.1460259
64,3,42824,D1AM,April2-2017,16,16.X.2.2016,5.09,8350,9500,167.5485009
65,1,42824,D1AM,April2-2017,12,12.1.5.2016,5.14,7900,9000,211.5158637
65,2,42824,D1AM,April2-2017,12,12.1.5.2016,5.24,7500,8800,275.862069
35,1,42824,D1PM,17-Apr,53,53.2.2.2105,6.18,225,550,24.60850112
35,2,42824,D1PM,17-Apr,53,53.2.2.2105,6.33,175,525,16.64025357
35,3,42824,D1PM,17-Apr,53,53.2.2.2105,6.22,250,625,19.37984496
36,1,42824,D1PM,17-Apr,36,36.1.2.2016,,,,
36,2,42824,D1PM,17-Apr,36,36.1.2.2016,,,,
36,3,42824,D1PM,17-Apr,36,36.1.2.2016,,,,
37,1,42824,D1PM,17-Apr,48,48.2.3.2015,6.21,300,775,20.31454784
37,2,42824,D1PM,17-Apr,48,48.2.3.2015,6.25,350,880,20.25316456
37,3,42824,D1PM,17-Apr,48,48.2.3.2015,6.02,575,1055,27.36705577
38,1,42824,D1PM,17-Apr,36,36.1.1.2016,6.03,475,875,34.58498024
38,2,42824,D1PM,17-Apr,36,36.1.1.2016,6.01,500,900,33.27171904
38,3,42824,D1PM,17-Apr,36,36.1.1.2016,6.07,400,800,37.64705882
39,1,42824,D1PM,17-Apr,48,48.1.1.2015,6.21,450,1050,26.68360864
39,2,42824,D1PM,17-Apr,48,48.1.1.2015,6.09,600,800,21.39037433
39,3,42824,D1PM,17-Apr,48,48.1.1.2015,6.25,275,560,18.76046901
40,1,42824,D1PM,17-Apr,37,37.X.6.2015,6.21,400,850,23.54570637
40,2,42824,D1PM,17-Apr,37,37.X.6.2015,6.06,500,900,21.53110048
40,3,42824,D1PM,17-Apr,37,37.X.6.2015,6.09,680,1000,29.89536622
41,1,42824,D1PM,17-Apr,36,36.1.5.2016,6.2,550,980,29.08011869
41,2,42824,D1PM,17-Apr,36,36.1.5.2016,6.14,700,1050,28.84615385
41,3,42824,D1PM,17-Apr,36,36.1.5.2016,6.16,420,700,17.28395062
42,1,42824,D1PM,17-Apr,36,36.1.6.2016,,,,
42,2,42824,D1PM,17-Apr,36,36.1.6.2016,,,,
42,3,42824,D1PM,17-Apr,36,36.1.6.2016,,,,
43,1,42824,D1PM,17-Apr,53,53.2.5.2015,6.08,500,700,22.4
43,2,42824,D1PM,17-Apr,53,53.2.5.2015,6.07,475,620,21.9858156
43,3,42824,D1PM,17-Apr,53,53.2.5.2015,6.14,420,920,31.61512027
44,1,42824,D1PM,17-Apr,53,53.2.1.2015,6.15,450,1050,31.81818182
44,2,42824,D1PM,17-Apr,53,53.2.1.2015,6.07,500,930,30.74380165
44,3,42824,D1PM,17-Apr,53,53.2.1.2015,6.08,495,1020,30.95599393
45,1,42824,D1PM,17-Apr,37,37.X.1.2015,6.2,500,1200,30.92783505
45,2,42824,D1PM,17-Apr,37,37.X.1.2015,6.13,595,1295,35.43091655
45,3,42824,D1PM,17-Apr,37,37.X.1.2015,6.26,500,1300,30.51643192
46,1,42824,D1PM,17-Apr,48,48.2.0.2014,6.09,550,1050,31.77004539
46,2,42824,D1PM,17-Apr,48,48.2.0.2014,6.16,500,1100,30.21978022
46,3,42824,D1PM,17-Apr,48,48.2.0.2014,6.18,600,1200,30.57324841
47,1,42824,D1PM,17-Apr,37,37.X.7.2015,6.1,620,1370,38.64598025
47,2,42824,D1PM,17-Apr,37,37.X.7.2015,6.09,800,1675,36.81318681
47,3,42824,D1PM,17-Apr,37,37.X.7.2015,6.06,500,1050,48.16513761
48,1,42824,D1PM,17-Apr,53,53.2.3.2015,6.2,375,1000,29.49852507
48,2,42824,D1PM,17-Apr,53,53.2.3.2015,6.2,420,1050,29.12621359
48,3,42824,D1PM,17-Apr,53,53.2.3.2015,6.16,400,820,28.87323944
49,1,42824,D1PM,17-Apr,37,37.X.8.2015,6.12,650,1445,39.97233748
49,2,42824,D1PM,17-Apr,37,37.X.8.2015,6.15,400,1000,33.33333333
49,3,42824,D1PM,17-Apr,37,37.X.8.2015,6.2,700,1700,31.0786106
50,1,42824,D1PM,17-Apr,48,48.2.1.2015,6.11,520,1170,38.80597015
50,2,42824,D1PM,17-Apr,48,48.2.1.2015,5.94,900,1600,43.77564979
50,3,42824,D1PM,17-Apr,48,48.2.1.2015,6.11,500,980,30.3875969
35,1,42824,D1AM,17-Apr,53,53.2.2.2105,5.15,4500,6100,190.3276131
35,2,42824,D1AM,17-Apr,53,53.2.2.2105,5.04,4100,5600,143.2225064
35,3,42824,D1AM,17-Apr,53,53.2.2.2105,4.99,4000,5400,129.9638989
36,1,42824,D1AM,17-Apr,36,36.1.2.2016,,,,
36,2,42824,D1AM,17-Apr,36,36.1.2.2016,,,,
36,3,42824,D1AM,17-Apr,36,36.1.2.2016,,,,
37,1,42824,D1AM,17-Apr,48,48.2.3.2015,5.22,4200,6200,181.2865497
37,2,42824,D1AM,17-Apr,48,48.2.3.2015,5.21,4250,6000,118.8118812
37,3,42824,D1AM,17-Apr,48,48.2.3.2015,4.96,4000,6350,129.3279022
38,1,42824,D1AM,17-Apr,36,36.1.1.2016,5.06,4800,6000,128.8936627
38,2,42824,D1AM,17-Apr,36,36.1.1.2016,5.13,4200,5400,127.6595745
38,3,42824,D1AM,17-Apr,36,36.1.1.2016,5.11,4200,6280,168.590604
39,1,42824,D1AM,17-Apr,48,48.1.1.2015,5.11,4500,5500,142.3027167
39,2,42824,D1AM,17-Apr,48,48.1.1.2015,5.26,3090,4690,159.5238095
39,3,42824,D1AM,17-Apr,48,48.1.1.2015,5.27,4475,7105,181.4814815
40,1,42824,D1AM,17-Apr,37,37.X.6.2015,5.19,5100,7650,223.3576642
40,2,42824,D1AM,17-Apr,37,37.X.6.2015,5.04,10100,13800,247.311828
40,3,42824,D1AM,17-Apr,37,37.X.6.2015,5.13,6300,7700,164.0042599
41,1,42824,D1AM,17-Apr,36,36.1.5.2016,5.25,6100,8700,215.0803461
41,2,42824,D1AM,17-Apr,36,36.1.5.2016,5.23,6300,9100,224.4143033
41,3,42824,D1AM,17-Apr,36,36.1.5.2016,5.23,4600,5920,154.1666667
42,1,42824,D1AM,17-Apr,36,36.1.6.2016,,,,
42,2,42824,D1AM,17-Apr,36,36.1.6.2016,,,,
42,3,42824,D1AM,17-Apr,36,36.1.6.2016,,,,
43,1,42824,D1AM,17-Apr,53,53.2.5.2015,5.13,5300,6700,208.7227414
43,2,42824,D1AM,17-Apr,53,53.2.5.2015,5.12,5500,8000,256.8218299
43,3,42824,D1AM,17-Apr,53,53.2.5.2015,5.03,7000,11400,339.7913562
44,1,42824,D1AM,17-Apr,53,53.2.1.2015,4.97,7000,11250,333.3333333
44,2,42824,D1AM,17-Apr,53,53.2.1.2015,5.02,8200,12250,332.8804348
44,3,42824,D1AM,17-Apr,53,53.2.1.2015,4.97,6800,11200,365.4159869
45,1,42824,D1AM,17-Apr,37,37.X.1.2015,5.25,6200,10700,350.2454992
45,2,42824,D1AM,17-Apr,37,37.X.1.2015,5.26,4800,8800,337.164751
45,3,42824,D1AM,17-Apr,37,37.X.1.2015,5.21,2550,3050,112.1323529
46,1,42824,D1AM,17-Apr,48,48.2.0.2014,5.4,2975,3595,104.2028986
46,2,42824,D1AM,17-Apr,48,48.2.0.2014,5.25,4475,5080,100.8937438
46,3,42824,D1AM,17-Apr,48,48.2.0.2014,5.44,3125,3735,98.67899604
47,1,42824,D1AM,17-Apr,37,37.X.7.2015,5.13,5090,5765,127.2626932
47,2,42824,D1AM,17-Apr,37,37.X.7.2015,5.21,4300,4950,154.4461778
47,3,42824,D1AM,17-Apr,37,37.X.7.2015,5.16,5975,6950,146.1619348
48,1,42824,D1AM,17-Apr,53,53.2.3.2015,5.1,4560,5210,149.9280576
48,2,42824,D1AM,17-Apr,53,53.2.3.2015,5.18,4445,5195,133.8917526
48,3,42824,D1AM,17-Apr,53,53.2.3.2015,5.24,4580,5420,120.5784205
49,1,42824,D1AM,17-Apr,37,37.X.8.2015,5.18,4075,5715,172.6586103
49,2,42824,D1AM,17-Apr,37,37.X.8.2015,5.11,4580,5330,171.1075441
49,3,42824,D1AM,17-Apr,37,37.X.8.2015,5.13,4650,5520,174.4075829
50,1,42824,D1AM,17-Apr,48,48.2.1.2015,5.26,3900,4700,126.0053619
50,2,42824,D1AM,17-Apr,48,48.2.1.2015,5.28,1925,2400,125.984252
50,3,42824,D1AM,17-Apr,48,48.2.1.2015,5.2,3815,4565,135.8630952
31,1,42782,D1PM,17-Feb,43,43.2.3.2015,6.08,390,740,22.62996942
31,2,42782,D1PM,17-Feb,43,43.2.3.2015,6.03,395,695,18.91156463
31,3,42782,D1PM,17-Feb,43,43.2.3.2015,6.07,475,905,23.56770833
32,1,42782,D1PM,17-Feb,43,43.1.1.2015,6.07,400,775,25.57755776
32,2,42782,D1PM,17-Feb,43,43.1.1.2015,5.97,550,900,26.82563338
32,3,42782,D1PM,17-Feb,43,43.1.1.2015,6.07,500,900,27.60736196
33,1,42782,D1PM,17-Feb,43,43.2.4.2015,6.12,450,870,20.1622248
33,2,42782,D1PM,17-Feb,43,43.2.4.2015,6.05,375,675,22.88135593
33,3,42782,D1PM,17-Feb,43,43.2.4.2015,6.06,300,630,21.42857143
34,1,42782,D1PM,17-Feb,43,43.2.1.2015,6.03,640,1110,30.53645117
34,2,42782,D1PM,17-Feb,43,43.2.1.2015,6.08,600,700,21.30898021
34,3,42782,D1PM,17-Feb,43,43.2.1.2015,6.13,700,1300,28.98550725
31,1,42782,D1AM,17-Feb,43,43.2.3.2015,5.05,5700,7600,151.6966068
31,2,42782,D1AM,17-Feb,43,43.2.3.2015,5.06,6900,9400,175.5368814
31,3,42782,D1AM,17-Feb,43,43.2.3.2015,4.97,6000,8100,164.8016277
32,1,42782,D1AM,17-Feb,43,43.1.1.2015,5.3,2000,3000,107.5268817
32,2,42782,D1AM,17-Feb,43,43.1.1.2015,5.26,3300,4600,149.5934959
32,3,42782,D1AM,17-Feb,43,43.1.1.2015,5.25,2800,3900,104.5576408
33,1,42782,D1AM,17-Feb,43,43.2.4.2015,5.14,5500,7300,192.6121372
33,2,42782,D1AM,17-Feb,43,43.2.4.2015,5.05,6200,8600,233.6956522
33,3,42782,D1AM,17-Feb,43,43.2.4.2015,5.07,6200,8200,189.3764434
34,1,42782,D1AM,17-Feb,43,43.2.1.2015,5.15,4700,6700,204.5801527
34,2,42782,D1AM,17-Feb,43,43.2.1.2015,5.12,5200,7750,252.4429967
34,3,42782,D1AM,17-Feb,43,43.2.1.2015,5.06,6000,9050,252.0891365
17,1,42684,D1PM,16-Nov,46,46.1.0,6.32,320,1260,37.22304284
17,2,42684,D1PM,16-Nov,46,46.1.0,6.29,370,1375,32.73809524
17,3,42684,D1PM,16-Nov,46,46.1.0,6.27,420,1560,39
18,1,42684,D1PM,16-Nov,Eudy,Eudy3,6.29,325,1230,30.75
18,2,42684,D1PM,16-Nov,Eudy,Eudy3,6.22,415,1395,39.85714286
18,3,42684,D1PM,16-Nov,Eudy,Eudy3,6.16,535,1590,39.75
19,1,42684,D1PM,16-Nov,15,15.2.1.201X,6.11,740,2020,57.71428571
19,2,42684,D1PM,16-Nov,15,15.2.1.201X,6.19,460,1710,48.85714286
19,3,42684,D1PM,16-Nov,15,15.2.1.201X,6.19,455,1580,45.14285714
20,1,42684,D1PM,16-Nov,15,15.1.1.201X,6.22,400,1605,40.125
20,2,42684,D1PM,16-Nov,15,15.1.1.201X,6.26,375,1600,45.71428571
20,3,42684,D1PM,16-Nov,15,15.1.1.201X,6.19,500,1750,50
21,1,42684,D1PM,16-Nov,Eudy,Eudy1,6.22,525,1925,55
21,2,42684,D1PM,16-Nov,Eudy,Eudy1,6.45,200,1675,37.22222222
21,3,42684,D1PM,16-Nov,Eudy,Eudy1,6.19,800,3060,62.70491803
22,1,42684,D1PM,16-Nov,15,15.2.2.201X,6.16,540,1680,37.92325056
22,2,42684,D1PM,16-Nov,15,15.2.2.201X,6.19,850,3030,65.02145923
22,3,42684,D1PM,16-Nov,15,15.2.2.201X,6.14,1300,4160,68.36483155
23,1,42684,D1PM,16-Nov,46,46.1.2.2015,6.07,1100,3500,102.489019
23,2,42684,D1PM,16-Nov,46,46.1.2.2015,6.31,300,1900,61.09324759
23,3,42684,D1PM,16-Nov,46,46.1.2.2015,6.07,880,2930,96.85950413
24,1,42684,D1PM,16-Nov,20,20.2.4.2015,6.18,600,2355,62.63297872
24,2,42684,D1PM,16-Nov,20,20.2.4.2015,6.17,570,2200,70.62600321
24,3,42684,D1PM,16-Nov,20,20.2.4.2015,6.17,595,2595,77.34724292
25,1,42684,D1PM,16-Nov,Eudy,Eudy4,6.15,650,2460,71.51162791
25,2,42684,D1PM,16-Nov,Eudy,Eudy4,6.22,650,2775,76.02739726
25,3,42684,D1PM,16-Nov,Eudy,Eudy4,6.28,620,2920,75.45219638
26,1,42684,D1PM,16-Nov,20,20.2.5.2015,6.36,380,2670,64.57073761
26,2,42684,D1PM,16-Nov,20,20.2.5.2015,6.45,275,2200,55.48549811
26,3,42684,D1PM,16-Nov,20,20.2.5.2015,6.33,350,2730,77.44680851
27,1,42684,D1PM,16-Nov,20,20.2.3.2015,6.37,400,2600,53.27868852
27,2,42684,D1PM,16-Nov,20,20.2.3.2015,6.47,200,2100,49.76303318
27,3,42684,D1PM,16-Nov,20,20.2.3.2015,6.47,150,2150,75.30647986
28,1,42684,D1PM,16-Nov,Eudy,Eudy2,6.29,650,2750,55.72441743
28,2,42684,D1PM,16-Nov,Eudy,Eudy2,6.19,850,3400,85.75031526
28,3,42684,D1PM,16-Nov,Eudy,Eudy2,6.24,560,2860,66.2037037
29,1,42684,D1PM,16-Nov,20,20.2.1.2015,6.33,525,2475,65.64986737
29,2,42684,D1PM,16-Nov,20,20.2.1.2015,6.33,450,2500,57.40528129
29,3,42684,D1PM,16-Nov,20,20.2.1.2015,6.34,400,2350,60.10230179
30,1,42684,D1PM,16-Nov,46,46.1.1.2015,6.19,675,2825,67.99037304
30,2,42684,D1PM,16-Nov,46,46.1.1.2015,6.24,600,2700,61.71428571
30,3,42684,D1PM,16-Nov,46,46.1.1.2015,6.24,650,3050,57.16963449
17,1,42684,D1AM,16-Nov,46,46.1.0,5.66,3300,7650,257.1428571
17,2,42684,D1AM,16-Nov,46,46.1.0,5.67,3050,6950,232.4414716
17,3,42684,D1AM,16-Nov,46,46.1.0,5.67,2550,5950,225.8064516
18,1,42684,D1AM,16-Nov,Eudy,Eudy3,5.32,5350,11450,251.3721186
18,2,42684,D1AM,16-Nov,Eudy,Eudy3,5.37,5550,7030,153.9978094
18,3,42684,D1AM,16-Nov,Eudy,Eudy3,5.34,1480,2010,43.04068522
19,1,42684,D1AM,16-Nov,15,15.2.1.201X,5.11,4000,4600,103.9548023
19,2,42684,D1AM,16-Nov,15,15.2.1.201X,5.17,4205,4850,116.0287081
19,3,42684,D1AM,16-Nov,15,15.2.1.201X,5.19,4310,5010,121.7496962
20,1,42684,D1AM,16-Nov,15,15.1.1.201X,5.24,4150,4980,109.5709571
20,2,42684,D1AM,16-Nov,15,15.1.1.201X,5.23,3620,4370,90.47619048
20,3,42684,D1AM,16-Nov,15,15.1.1.201X,5.03,3850,4520,114.7208122
21,1,42684,D1AM,16-Nov,Eudy,Eudy1,5.28,2800,3300,79.80652963
21,2,42684,D1AM,16-Nov,Eudy,Eudy1,5.34,2700,3280,79.13148372
21,3,42684,D1AM,16-Nov,Eudy,Eudy1,5.27,3135,3805,95.72327044
22,1,42684,D1AM,16-Nov,15,15.2.2.201X,5.71,2005,2890,62.62188516
22,2,42684,D1AM,16-Nov,15,15.2.2.201X,5.65,2450,3430,64.77809254
22,3,42684,D1AM,16-Nov,15,15.2.2.201X,5.58,2730,3855,65.95380667
23,1,42684,D1AM,16-Nov,46,46.1.2.2015,5.22,4580,5680,144.3456163
23,2,42684,D1AM,16-Nov,46,46.1.2.2015,5.24,4250,5345,134.8045397
23,3,42684,D1AM,16-Nov,46,46.1.2.2015,5.24,3850,4905,136.25
24,1,42684,D1AM,16-Nov,20,20.2.4.2015,5.17,5925,7360,139.1304348
24,2,42684,D1AM,16-Nov,20,20.2.4.2015,5.04,5100,6900,175.5725191
24,3,42684,D1AM,16-Nov,20,20.2.4.2015,5.15,5700,7480,140.4694836
25,1,42684,D1AM,16-Nov,Eudy,Eudy4,5.34,4000,5700,118.6264308
25,2,42684,D1AM,16-Nov,Eudy,Eudy4,5.29,4850,6605,110.451505
25,3,42684,D1AM,16-Nov,Eudy,Eudy4,5.28,2800,5350,108.6294416
26,1,42684,D1AM,16-Nov,20,20.2.5.2015,6.96,,55,1.144640999
26,2,42684,D1AM,16-Nov,20,20.2.5.2015,,,,
26,3,42684,D1AM,16-Nov,20,20.2.5.2015,,,,
27,1,42684,D1AM,16-Nov,20,20.2.3.2015,,,,
27,2,42684,D1AM,16-Nov,20,20.2.3.2015,,,,
27,3,42684,D1AM,16-Nov,20,20.2.3.2015,,,,
28,1,42684,D1AM,16-Nov,Eudy,Eudy2,,,,
28,2,42684,D1AM,16-Nov,Eudy,Eudy2,5.27,3050,3600,91.71974522
28,3,42684,D1AM,16-Nov,Eudy,Eudy2,5.22,,3000,73.71007371
29,1,42684,D1AM,16-Nov,20,20.2.1.2015,5.07,4600,4800,118.5185185
29,2,42684,D1AM,16-Nov,20,20.2.1.2015,5.13,4580,4700,111.7717004
29,3,42684,D1AM,16-Nov,20,20.2.1.2015,5.28,3950,4280,111.313394
30,1,42684,D1AM,16-Nov,46,46.1.1.2015,5.06,5300,5600,131.147541
30,2,42684,D1AM,16-Nov,46,46.1.1.2015,5.06,4850,5750,148.1958763
30,3,42684,D1AM,16-Nov,46,46.1.1.2015,5.13,4600,4700,130.5555556
1,1,42635,D1PM,16-Sep,G,G.0.1.2015,5.79,880,2230,79.92831541
1,2,42635,D1PM,16-Sep,G,G.0.1.2015,5.98,1550,4640,144.5482866
1,3,42635,D1PM,16-Sep,G,G.0.1.2015,6.16,790,2720,81.31539611
2,1,42635,D1PM,16-Sep,19,19.2.2.2015,6.1,860,2700,85.30805687
2,2,42635,D1PM,16-Sep,19,19.2.2.2015,5.78,1220,3780,97.8007762
2,3,42635,D1PM,16-Sep,19,19.2.2.2015,6.07,1440,4550,90.6374502
3,1,42635,D1PM,16-Sep,13,13.1.3.2016,6.04,1590,5040,129.562982
3,2,42635,D1PM,16-Sep,13,13.1.3.2016,6.04,1590,4230,93.68770764
3,3,42635,D1PM,16-Sep,13,13.1.3.2016,5.97,1400,4200,116.9916435
4,1,42635,D1PM,16-Sep,45,45.1.0.2015,5.95,2000,4900,118.7878788
4,2,42635,D1PM,16-Sep,45,45.1.0.2015,5.96,2000,4600,133.5268505
4,3,42635,D1PM,16-Sep,45,45.1.0.2015,6,1200,4000,132.0132013
5,1,42635,D1PM,16-Sep,13,13.2.1.201X,5.89,1360,4070,77.82026769
5,2,42635,D1PM,16-Sep,13,13.2.1.201X,6.07,1630,4810,86.27802691
5,3,42635,D1PM,16-Sep,13,13.2.1.201X,6.19,860,3470,99.71264368
6,1,42635,D1PM,16-Sep,G,G.0.3.2015,6.19,1000,3370,76.94063927
6,2,42635,D1PM,16-Sep,G,G.0.3.2015,5.89,1640,3440,109.3799682
6,3,42635,D1PM,16-Sep,G,G.0.3.2015,6.21,1000,4200,112.9032258
7,1,42635,D1PM,16-Sep,45,45.2.3.2015,5.85,2000,5250,153.9589443
7,2,42635,D1PM,16-Sep,45,45.2.3.2015,5.93,1470,3900,120
7,3,42635,D1PM,16-Sep,45,45.2.3.2015,6.18,1250,3500,101.4492754
8,1,42635,D1PM,16-Sep,19,19.2.3.2015,6,1400,4700,128.7671233
8,2,42635,D1PM,16-Sep,19,19.2.3.2015,6.17,1400,5300,143.6314363
8,3,42635,D1PM,16-Sep,19,19.2.3.2015,6.23,1300,5500,106.7961165
9,1,42635,D1PM,16-Sep,19,19.1.1.201X,6.11,880,3160,80
9,2,42635,D1PM,16-Sep,19,19.1.1.201X,6.18,830,3170,77.69607843
9,3,42635,D1PM,16-Sep,19,19.1.1.201X,6.16,890,3500,77.3480663
10,1,42635,D1PM,16-Sep,45,45.2.0.2015,6.05,1400,4100,96.69811321
10,2,42635,D1PM,16-Sep,45,45.2.0.2015,6.05,1400,4070,127.9874214
10,3,42635,D1PM,16-Sep,45,45.2.0.2015,6,1200,4610,100.3264418
11,1,42635,D1PM,16-Sep,G,G.0.0.2013,6.14,1000,3650,138.78327
11,2,42635,D1PM,16-Sep,G,G.0.0.2013,6.05,1050,2960,89.29110106
11,3,42635,D1PM,16-Sep,G,G.0.0.2013,5.85,950,3350,108.0645161
12,1,42635,D1PM,16-Sep,19,19.2.1.201X,6.09,1300,4900,119.5121951
12,2,42635,D1PM,16-Sep,19,19.2.1.201X,6.1,1350,5000,96.15384615
12,3,42635,D1PM,16-Sep,19,19.2.1.201X,6.07,1100,4050,97.23889556
13,1,42635,D1PM,16-Sep,13,13.1.2.2016,6.08,1130,3780,93.34485739
13,2,42635,D1PM,16-Sep,13,13.1.2.2016,6.12,1270,4630,92.33223651
13,3,42635,D1PM,16-Sep,13,13.1.2.2016,6.08,1130,3940,112.732475
14,1,42635,D1PM,16-Sep,13,13.1.4.2016,5.95,1340,4340,131.1178248
14,2,42635,D1PM,16-Sep,13,13.1.4.2016,5.93,1730,5020,129.2149292
14,3,42635,D1PM,16-Sep,13,13.1.4.2016,5.9,1960,5040,126.6331658
15,1,42635,D1PM,16-Sep,45,45.1.1.2015,6.06,720,2660,83.38557994
15,2,42635,D1PM,16-Sep,45,45.1.1.2015,6.09,750,2860,66.9005848
15,3,42635,D1PM,16-Sep,45,45.1.1.2015,6,500,950,24.54780362
16,1,42635,D1PM,16-Sep,G,G.0.2.2015,5.87,250,820,26.8852459
16,2,42635,D1PM,16-Sep,G,G.0.2.2015,6.06,670,1340,31.56654888
16,3,42635,D1PM,16-Sep,G,G.0.2.2015,6.04,660,1330,36.04336043
1,1,42636,D1AM,16-Sep,G,G.0.1.2015,5.32,2650,3400,101.3412817
1,2,42636,D1AM,16-Sep,G,G.0.1.2015,5.35,2600,3290,106.4724919
1,3,42636,D1AM,16-Sep,G,G.0.1.2015,5.28,4010,5310,146.2809917
2,1,42636,D1AM,16-Sep,19,19.2.2.2015,5.09,4550,5560,161.8631732
2,2,42636,D1AM,16-Sep,19,19.2.2.2015,5.06,5950,7500,175.4385965
2,3,42636,D1AM,16-Sep,19,19.2.2.2015,5.31,3500,4650,160.0688468
3,1,42636,D1AM,16-Sep,13,13.1.3.2016,5.34,3580,4720,130.0275482
3,2,42636,D1AM,16-Sep,13,13.1.3.2016,5.39,3650,4880,132.0703654
3,3,42636,D1AM,16-Sep,13,13.1.3.2016,5.38,4040,5410,136.6161616
4,1,42636,D1AM,16-Sep,45,45.1.0.2015,5.55,3890,5630,160.8571429
4,2,42636,D1AM,16-Sep,45,45.1.0.2015,5.58,4160,6710,148.2872928
4,3,42636,D1AM,16-Sep,45,45.1.0.2015,5.58,4100,6300,148.2352941
5,1,42636,D1AM,16-Sep,13,13.2.1.201X,5.27,4800,6550,161.5289766
5,2,42636,D1AM,16-Sep,13,13.2.1.201X,5.38,4475,6350,130.5241521
5,3,42636,D1AM,16-Sep,13,13.2.1.201X,5.34,4250,6325,131.6337149
6,1,42636,D1AM,16-Sep,G,G.0.3.2015,5.23,6100,8950,231.865285
6,2,42636,D1AM,16-Sep,G,G.0.3.2015,5.21,5800,8400,223.701731
6,3,42636,D1AM,16-Sep,G,G.0.3.2015,5.26,7275,10600,208.8669951
7,1,42636,D1AM,16-Sep,45,45.2.3.2015,5.2,6150,9300,232.7909887
7,2,42636,D1AM,16-Sep,45,45.2.3.2015,5.19,6250,9650,248.0719794
7,3,42636,D1AM,16-Sep,45,45.2.3.2015,,,,
8,1,42636,D1AM,16-Sep,19,19.2.3.2015,5.36,6130,9040,232.6898327
8,2,42636,D1AM,16-Sep,19,19.2.3.2015,5.31,6295,9515,230.6666667
8,3,42636,D1AM,16-Sep,19,19.2.3.2015,5.34,7100,10650,247.099768
9,1,42636,D1AM,16-Sep,19,19.1.1.201X,5.23,8030,12180,254.5454545
9,2,42636,D1AM,16-Sep,19,19.1.1.201X,5.18,9900,20600,443.4876211
9,3,42636,D1AM,16-Sep,19,19.1.1.201X,5.17,10600,21500,454.0654699
10,1,42636,D1AM,16-Sep,45,45.2.0.2015,5.52,5900,14100,285.4251012
10,2,42636,D1AM,16-Sep,45,45.2.0.2015,5.52,3850,5300,127.2509004
10,3,42636,D1AM,16-Sep,45,45.2.0.2015,5.49,2600,3130,66.66666667
11,1,42636,D1AM,16-Sep,G,G.0.0.2013,5.27,2800,3330,87.17277487
11,2,42636,D1AM,16-Sep,G,G.0.0.2013,5.28,3020,3530,87.48451053
11,3,42636,D1AM,16-Sep,G,G.0.0.2013,5.27,2360,2810,81.68604651
12,1,42636,D1AM,16-Sep,19,19.2.1.201X,5.29,3720,4380,101.0380623
12,2,42636,D1AM,16-Sep,19,19.2.1.201X,5.18,4150,5800,113.5029354
12,3,42636,D1AM,16-Sep,19,19.2.1.201X,5.28,3400,4050,98.54014599
13,1,42636,D1AM,16-Sep,13,13.1.2.2016,5.06,3800,4230,119.6605375
13,2,42636,D1AM,16-Sep,13,13.1.2.2016,5.03,3710,4260,117.679558
13,3,42636,D1AM,16-Sep,13,13.1.2.2016,5.06,4200,4750,127.5167785
14,1,42636,D1AM,16-Sep,13,13.1.4.2016,5.18,4700,5500,113.9896373
14,2,42636,D1AM,16-Sep,13,13.1.4.2016,5.2,4050,4800,170.8185053
14,3,42636,D1AM,16-Sep,13,13.1.4.2016,5.38,3150,3850,84.52250274
15,1,42636,D1AM,16-Sep,45,45.1.1.2015,4.91,3500,3950,102.5974026
15,2,42636,D1AM,16-Sep,45,45.1.1.2015,,,,
15,3,42636,D1AM,16-Sep,45,45.1.1.2015,4.92,3500,3980,104.1884817
16,1,42636,D1AM,16-Sep,G,G.0.2.2015,5.16,3680,4280,110.5943152
16,2,42636,D1AM,16-Sep,G,G.0.2.2015,5.14,4080,4790,112.7058824
16,3,42636,D1AM,16-Sep,G,G.0.2.2015,5.11,3480,4090,104.737516
101,1,42467,D1PM,16-Apr,1AB,1AB.2.1.2013,6.71,-,215,5.531969638
101,2,42467,D1PM,16-Apr,1AB,1AB.2.1.2013,6.34,180,540,11.5755627
101,3,42467,D1PM,16-Apr,1AB,1AB.2.1.2013,6.31,210,610,13.55555556
102,1,42467,D1PM,16-Apr,18,18.2.3.2015,6.15,250,510,16.94352159
102,2,42467,D1PM,16-Apr,18,18.2.3.2015,6.08,350,535,13.5786802
102,3,42467,D1PM,16-Apr,18,18.2.3.2015,,,,
103,1,42467,D1PM,16-Apr,2AB,2AB.1.2.2013,6.36,100,,
103,2,42467,D1PM,16-Apr,2AB,2AB.1.2.2013,6.33,140,485,12.04968944
103,3,42467,D1PM,16-Apr,2AB,2AB.1.2.2013,6.37,140,510,11.39664804
104,1,42467,D1PM,16-Apr,1AB,1AB.1.1.2013,6.32,170,490,13.5734072
104,2,42467,D1PM,16-Apr,1AB,1AB.1.1.2013,,,,
104,3,42467,D1PM,16-Apr,1AB,1AB.1.1.2013,6.22,335,775,18.21386604
106,1,42467,D1PM,16-Apr,18,18.2.4.2015,6.35,100,375,10.56338028
106,2,42467,D1PM,16-Apr,18,18.2.4.2015,6.35,140,490,10.84070796
106,3,42467,D1PM,16-Apr,18,18.2.4.2015,7.31,,,
108,1,42467,D1PM,16-Apr,2AB,2AB.2.1.2013,7.09,,,
108,2,42467,D1PM,16-Apr,2AB,2AB.2.1.2013,7,,,
108,3,42467,D1PM,16-Apr,2AB,2AB.2.1.2013,5.91,340,740,17.16937355
110,1,42467,D1PM,16-Apr,2AB,2AB.1.1.2013,6.36,100,400,10.81081081
110,2,42467,D1PM,16-Apr,2AB,2AB.1.1.2013,6.36,140,550,11.49425287
110,3,42467,D1PM,16-Apr,2AB,2AB.1.1.2013,6.42,70,420,10.31941032
111,1,42467,D1PM,16-Apr,18,18.1.1.2015,6.1,250,535,14.42048518
111,2,42467,D1PM,16-Apr,18,18.1.1.2015,6.2,250,550,13.92405063
111,3,42467,D1PM,16-Apr,18,18.1.1.2015,7.16,,,
112,1,42467,D1PM,16-Apr,18,18.2.1.2015,6.05,335,610,15.94771242
112,2,42467,D1PM,16-Apr,18,18.2.1.2015,6.91,,81,1.764705882
112,3,42467,D1PM,16-Apr,18,18.2.1.2015,7.21,,,
101,1,42467,D1AM,16-Apr,1AB,1AB.2.1.2013,5.36,2700,3100,74.60890493
101,2,42467,D1AM,16-Apr,1AB,1AB.2.1.2013,5.37,2050,2550,91.39784946
101,3,42467,D1AM,16-Apr,1AB,1AB.2.1.2013,5.29,3070,3540,77.63157895
102,1,42467,D1AM,16-Apr,18,18.2.3.2015,5.75,1050,1470,43.36283186
102,2,42467,D1AM,16-Apr,18,18.2.3.2015,5.76,850,1160,34.11764706
102,3,42467,D1AM,16-Apr,18,18.2.3.2015,5.79,950,1350,40.97116844
103,1,42467,D1AM,16-Apr,2AB,2AB.1.2.2013,5.38,2520,3020,77.53530167
103,2,42467,D1AM,16-Apr,2AB,2AB.1.2.2013,5.36,3260,3630,83.5443038
103,3,42467,D1AM,16-Apr,2AB,2AB.1.2.2013,5.39,,3170,76.94174757
104,1,42467,D1AM,16-Apr,1AB,1AB.1.1.2013,5.27,3300,3900,91.01516919
104,2,42467,D1AM,16-Apr,1AB,1AB.1.1.2013,5.44,2600,3320,62.46472248
104,3,42467,D1AM,16-Apr,1AB,1AB.1.1.2013,5.32,3450,4110,88.29215897
106,1,42467,D1AM,16-Apr,18,18.2.4.2015,5.82,850,1200,35.66121842
106,2,42467,D1AM,16-Apr,18,18.2.4.2015,5.76,800,1150,35.22205207
106,3,42467,D1AM,16-Apr,18,18.2.4.2015,5.84,770,1095,35.66775244
108,1,42467,D1AM,16-Apr,2AB,2AB.2.1.2013,5.25,2845,3405,83.76383764
108,2,42467,D1AM,16-Apr,2AB,2AB.2.1.2013,5.36,2700,3250,75.669383
108,3,42467,D1AM,16-Apr,2AB,2AB.2.1.2013,5.38,2550,3100,73.11320755
110,1,42467,D1AM,16-Apr,2AB,2AB.1.1.2013,5.36,3200,3775,84.3575419
110,2,42467,D1AM,16-Apr,2AB,2AB.1.1.2013,5.4,2740,3290,80.4400978
110,3,42467,D1AM,16-Apr,2AB,2AB.1.1.2013,5.32,4000,4545,87.06896552
111,1,42467,D1AM,16-Apr,18,18.1.1.2015,5.51,1995,2545,68.87686062
111,2,42467,D1AM,16-Apr,18,18.1.1.2015,5.41,2700,3375,70.53291536
111,3,42467,D1AM,16-Apr,18,18.1.1.2015,5.46,2000,2350,66.10407876
112,1,42467,D1AM,16-Apr,18,18.2.1.2015,5.49,2000,2550,60.57007126
112,2,42467,D1AM,16-Apr,18,18.2.1.2015,5.38,1600,2050,61.74698795
112,3,42467,D1AM,16-Apr,18,18.2.1.2015,5.43,1600,2050,55.03355705
66,1,42963,D7PM,17-Aug,61,61.1.3.2016,6.62,,510,1.246943765
66,2,42963,D7PM,17-Aug,61,61.1.3.2016,,,,
66,3,42963,D7PM,17-Aug,61,61.1.3.2016,6.68,,600,1.540436457
67,1,42963,D7PM,17-Aug,61,61.2.0.2015,6.78,,660,11.53846154
67,2,42963,D7PM,17-Aug,61,61.2.0.2015,6.52,,1000,15.60062402
67,3,42963,D7PM,17-Aug,61,61.2.0.2015,6.72,,650,11.60714286
68,1,42963,D7PM,17-Aug,70,70.1.2.2016,6.8,,910,21.71837709
68,2,42963,D7PM,17-Aug,70,70.1.2.2016,6.72,,450,8.333333333
68,3,42963,D7PM,17-Aug,70,70.1.2.2016,6.68,,650,14.97695853
69,1,42963,D7PM,17-Aug,55,55.2.0.2015,6.44,,1100,17.40506329
69,2,42963,D7PM,17-Aug,55,55.2.0.2015,6.59,,760,15.68627451
69,3,42963,D7PM,17-Aug,55,55.2.0.2015,6.54,,760,15.63786008
70,1,42963,D7PM,17-Aug,70,70.1.3.2016,6.71,,550,13.15789474
70,2,42963,D7PM,17-Aug,70,70.1.3.2016,6.8,,450,13.25478645
70,3,42963,D7PM,17-Aug,70,70.1.3.2016,6.83,,400,10.26957638
71,1,42963,D7PM,17-Aug,70,70.1.0.2015,6.53,,560,14.60234681
71,2,42963,D7PM,17-Aug,70,70.1.0.2015,6.65,,450,14.5631068
71,3,42963,D7PM,17-Aug,70,70.1.0.2015,6.57,,550,15.23545706
72,1,42963,D7PM,17-Aug,51,51.1.2.2015,6.79,,250,7.235890014
72,2,42963,D7PM,17-Aug,51,51.1.2.2015,6.72,,550,13.78446115
72,3,42963,D7PM,17-Aug,51,51.1.2.2015,6.75,,340,8.374384236
73,1,42963,D7PM,17-Aug,51,51.1.3.2015,6.77,,310,8.794326241
73,2,42963,D7PM,17-Aug,51,51.1.3.2015,6.89,,200,4.914004914
73,3,42963,D7PM,17-Aug,51,51.1.3.2015,6.63,,310,7.363420428
74,1,42963,D7PM,17-Aug,61,61.2.2.2016,6.56,,670,15.42002301
74,2,42963,D7PM,17-Aug,61,61.2.2.2016,6.62,,700,13.84767557
74,3,42963,D7PM,17-Aug,61,61.2.2.2016,6.63,,630,14.9112426
75,1,42963,D7PM,17-Aug,55,55.2.1.2016,6.6,,700,19.63534362
75,2,42963,D7PM,17-Aug,55,55.2.1.2016,6.72,,430,12.14689266
75,3,42963,D7PM,17-Aug,55,55.2.1.2016,6.63,,550,13.58024691
76,1,42963,D7PM,17-Aug,55,55.2.2.2016,6.58,,800,16.64932362
76,2,42963,D7PM,17-Aug,55,55.2.2.2016,6.55,,750,15.49586777
76,3,42963,D7PM,17-Aug,55,55.2.2.2016,6.66,,560,13.57575758
77,1,42963,D7PM,17-Aug,51,51.2.2.2015,6.62,,600,17.69911504
77,2,42963,D7PM,17-Aug,51,51.2.2.2015,6.65,,480,12.97297297
77,3,42963,D7PM,17-Aug,51,51.2.2.2015,6.72,,400,12.6984127
78,1,42963,D7PM,17-Aug,51,51.1.0.2014,6.67,,450,16.51376147
78,2,42963,D7PM,17-Aug,51,51.1.0.2014,6.58,,700,21.34146341
78,3,42963,D7PM,17-Aug,51,51.1.0.2014,6.71,,480,16.63778163
66,1,42963,D7AM,17-Aug,61,61.1.3.2016,5.45,6550,11750,217.1903882
66,2,42963,D7AM,17-Aug,61,61.1.3.2016,,,,
66,3,42963,D7AM,17-Aug,61,61.1.3.2016,5.95,2500,4900,109.1314031
67,1,42963,D7AM,17-Aug,61,61.2.0.2015,5.77,4350,8000,126.4822134
67,2,42963,D7AM,17-Aug,61,61.2.0.2015,5.34,4430,,
67,3,42963,D7AM,17-Aug,61,61.2.0.2015,5.63,4400,7150,117.9867987
68,1,42963,D7AM,17-Aug,70,70.1.2.2016,5.14,9800,19600,353.471596
68,2,42963,D7AM,17-Aug,70,70.1.2.2016,5.69,3020,5060,135.8389262
68,3,42963,D7AM,17-Aug,70,70.1.2.2016,5.25,4110,4750,100.3167899
69,1,42963,D7AM,17-Aug,55,55.2.0.2015,5.94,2250,4500,75.56675063
69,2,42963,D7AM,17-Aug,55,55.2.0.2015,5.89,2150,3820,64.20168067
69,3,42963,D7AM,17-Aug,55,55.2.0.2015,5.85,4000,7500,102.3890785
70,1,42963,D7AM,17-Aug,70,70.1.3.2016,,,,
70,2,42963,D7AM,17-Aug,70,70.1.3.2016,5.86,2430,4350,116.9354839
70,3,42963,D7AM,17-Aug,70,70.1.3.2016,5.9,4900,9150,137.0786517
71,1,42963,D7AM,17-Aug,70,70.1.0.2015,5.73,5050,9050,167.1283472
71,2,42963,D7AM,17-Aug,70,70.1.0.2015,5.28,3720,4390,108.3950617
71,3,42963,D7AM,17-Aug,70,70.1.0.2015,5.01,17400,,
72,1,42963,D7AM,17-Aug,51,51.1.2.2015,5.86,2250,4400,121.2121212
72,2,42963,D7AM,17-Aug,51,51.1.2.2015,5.99,1220,2320,58.14536341
72,3,42963,D7AM,17-Aug,51,51.1.2.2015,5.76,3100,5350,108.0808081
73,1,42963,D7AM,17-Aug,51,51.1.3.2015,5.77,3950,6900,146.1864407
73,2,42963,D7AM,17-Aug,51,51.1.3.2015,5.68,3180,5090,96.67616334
73,3,42963,D7AM,17-Aug,51,51.1.3.2015,5.14,,3000,92.73570325
74,1,42963,D7AM,17-Aug,61,61.2.2.2016,5.75,1770,2990,75.12562814
74,2,42963,D7AM,17-Aug,61,61.2.2.2016,5.93,1500,3100,70.05649718
74,3,42963,D7AM,17-Aug,61,61.2.2.2016,5.17,,10400,245.8628842
75,1,42963,D7AM,17-Aug,55,55.2.1.2016,5.92,2700,4930,110.7865169
75,2,42963,D7AM,17-Aug,55,55.2.1.2016,5.86,2200,4020,108.9430894
75,3,42963,D7AM,17-Aug,55,55.2.1.2016,5.87,2520,4720,126.7114094
76,1,42963,D7AM,17-Aug,55,55.2.2.2016,5.2,3010,3585,78.61842105
76,2,42963,D7AM,17-Aug,55,55.2.2.2016,5.03,2820,4420,104.245283
76,3,42963,D7AM,17-Aug,55,55.2.2.2016,5.58,3300,5800,109.6408318
77,1,42963,D7AM,17-Aug,51,51.2.2.2015,6.04,1500,3250,76.20164127
77,2,42963,D7AM,17-Aug,51,51.2.2.2015,5.98,1870,3420,
77,3,42963,D7AM,17-Aug,51,51.2.2.2015,6.04,1650,3500,91.50326797
78,1,42963,D7AM,17-Aug,51,51.1.0.2014,6.36,350,1650,35.44575725
78,2,42963,D7AM,17-Aug,51,51.1.0.2014,6.34,450,1950,49.74489796
78,3,42963,D7AM,17-Aug,51,51.1.0.2014,6.39,200,1200,50.52631579
51,1,42834,D7PM,April2-2017,16,16.X.7.2016,6.47,200,1800,51.20910384
51,2,42832,D7PM,April2-2017,16,16.X.7.2016,6.35,800,2200,56.55526992
51,3,42832,D7PM,April2-2017,16,16.X.7.2016,6.48,100,1400,37.58389262
52,1,42830,D7PM,April2-2017,16,16.X.6.2016,6.28,800,1600,45.51920341
52,2,42830,D7PM,April2-2017,16,16.X.6.2016,6.33,650,1800,52.0984081
52,3,42830,D7PM,April2-2017,16,16.X.6.2016,6.42,210,2000,59.61251863
53,1,42830,D7PM,April2-2017,56,56.1.2.2016,6.52,,1200,25.3164557
53,2,42830,D7PM,April2-2017,56,56.1.2.2016,6.5,,1000,26.56042497
53,3,42830,D7PM,April2-2017,56,56.1.2.2016,,,,
54,1,42830,D7PM,April2-2017,12,12.2.1.2015,6.31,1300,3400,60.87735004
54,2,42830,D7PM,April2-2017,12,12.2.1.2015,6.29,1600,3000,66.07929515
54,3,42830,D7PM,April2-2017,12,12.2.1.2015,6.28,1400,3200,62.56109482
55,1,42830,D7PM,April2-2017,12,12.2.1.2015.2,6.2,1200,3600,59.75103734
55,2,42830,D7PM,April2-2017,12,12.2.1.2015.2,6.28,800,2000,54.49591281
55,3,42830,D7PM,April2-2017,12,12.2.1.2015.2,6.25,1200,2200,57.29166667
56,1,42830,D7PM,April2-2017,56,56.2.1.2016,6.47,200,1200,37.20930233
56,2,42830,D7PM,April2-2017,56,56.2.1.2016,6.52,,1000,25.57544757
56,3,42830,D7PM,April2-2017,56,56.2.1.2016,,,,
57,1,42830,D7PM,April2-2017,52,52.1.2.2015,6.5,,1200,26.87569989
57,2,42830,D7PM,April2-2017,52,52.1.2.2015,6.43,200,1600,30.41825095
57,3,42830,D7PM,April2-2017,52,52.1.2.2015,6.44,200,1800,31.88662533
58,1,42830,D7PM,April2-2017,12,12.2.3.2015,6.32,1200,2200,57.44125326
58,2,42830,D7PM,April2-2017,12,12.2.3.2015,6.38,1200,2000,44.74272931
58,3,42830,D7PM,April2-2017,12,12.2.3.2015,6.29,1400,2200,43.1372549
59,1,42830,D7PM,April2-2017,56,56.2.0.2015,6.35,1000,2800,76.8175583
59,2,42830,D7PM,April2-2017,56,56.2.0.2015,6.45,200,1600,49.92199688
59,3,42830,D7PM,April2-2017,56,56.2.0.2015,6.32,450,1300,25.76808722
60,1,42830,D7PM,April2-2017,52,52.1.3.2015,6.23,650,1400,39.77272727
60,2,42830,D7PM,April2-2017,52,52.1.3.2015,6.29,500,1250,39.93610224
60,3,42830,D7PM,April2-2017,52,52.1.3.2015,6.2,600,1400,39.10614525
61,1,42830,D7PM,April2-2017,52,52.1.0.2014,6.25,700,1750,32.74087933
61,2,42830,D7PM,April2-2017,52,52.1.0.2014,6.27,600,1700,26.68759812
61,3,42830,D7PM,April2-2017,52,52.1.0.2014,6.44,600,2000,44.89337823
62,1,42830,D7PM,April2-2017,16,16.X.1.2016,6.47,500,2400,56.00933489
62,2,42830,D7PM,April2-2017,16,16.X.1.2016,6.44,400,2000,35.24229075
62,3,42830,D7PM,April2-2017,16,16.X.1.2016,6.43,450,2200,42.63565891
63,1,42830,D7PM,April2-2017,56,56.1.0.2015,6.45,600,1900,33.68794326
63,2,42830,D7PM,April2-2017,56,56.1.0.2015,6.38,800,2450,53.03030303
63,3,42830,D7PM,April2-2017,56,56.1.0.2015,6.42,400,2050,36.73835125
64,1,42830,D7PM,April2-2017,16,16.X.2.2016,6.44,1650,2400,68.37606838
64,2,42830,D7PM,April2-2017,16,16.X.2.2016,6.27,1200,2800,68.71165644
64,3,42830,D7PM,April2-2017,16,16.X.2.2016,6.23,1250,2450,65.86021505
65,1,42830,D7PM,April2-2017,12,12.1.5.2016,6.24,1400,2600,71.92254495
65,2,42830,D7PM,April2-2017,12,12.1.5.2016,6.3,1200,3000,73.26007326
51,1,42830,D7AM,April2-2017,16,16.X.7.2016,5.33,7000,11500,240.5857741
51,2,42830,D7AM,April2-2017,16,16.X.7.2016,5.29,7600,12200,240.3940887
51,3,42830,D7AM,April2-2017,16,16.X.7.2016,5.3,7500,12000,255.8635394
52,1,42830,D7AM,April2-2017,16,16.X.6.2016,5.28,7200,11000,289.0932983
52,2,42830,D7AM,April2-2017,16,16.X.6.2016,5.36,7800,12500,308.6419753
52,3,42830,D7AM,April2-2017,16,16.X.6.2016,5.39,8000,11800,299.8729352
53,1,42830,D7AM,April2-2017,56,56.1.2.2016,5.33,7850,12200,288.4160757
53,2,42830,D7AM,April2-2017,56,56.1.2.2016,5.32,8200,12000,224.7191011
53,3,42830,D7AM,April2-2017,56,56.1.2.2016,5.31,7900,11800,248.682824
54,1,42830,D7AM,April2-2017,12,12.2.1.2015,5.34,7000,11000,225.6410256
54,2,42830,D7AM,April2-2017,12,12.2.1.2015,5.32,7800,11700,225.8687259
54,3,42830,D7AM,April2-2017,12,12.2.1.2015,5.37,8000,11650,286.2407862
55,1,42830,D7AM,April2-2017,12,12.2.1.2015.2,5.34,8300,12000,200.8368201
55,2,42830,D7AM,April2-2017,12,12.2.1.2015.2,5.38,7900,12500,187.6876877
55,3,42830,D7AM,April2-2017,12,12.2.1.2015.2,,,,
56,1,42830,D7AM,April2-2017,56,56.2.1.2016,5.29,7000,12000,475.2475248
56,2,42830,D7AM,April2-2017,56,56.2.1.2016,5.33,9000,12000,394.08867
56,3,42830,D7AM,April2-2017,56,56.2.1.2016,,,,
57,1,42830,D7AM,April2-2017,52,52.1.2.2015,5.06,8000,12200,358.2966226
57,2,42830,D7AM,April2-2017,52,52.1.2.2015,5.1,7800,10000,311.5264798
57,3,42830,D7AM,April2-2017,52,52.1.2.2015,5.08,7100,10500,333.863275
58,1,42830,D7AM,April2-2017,12,12.2.3.2015,5.15,9000,11800,221.8045113
58,2,42830,D7AM,April2-2017,12,12.2.3.2015,5.29,7000,11000,175.1592357
58,3,42830,D7AM,April2-2017,12,12.2.3.2015,5.32,7500,12200,241.5841584
59,1,42830,D7AM,April2-2017,56,56.2.0.2015,5.38,7100,12500,229.5684114
59,2,42830,D7AM,April2-2017,56,56.2.0.2015,5.24,7980,12000,211.6402116
59,3,42830,D7AM,April2-2017,56,56.2.0.2015,5.22,9000,11300,205.4545455
60,1,42830,D7AM,April2-2017,52,52.1.3.2015,5.32,9200,11000,349.2063492
60,2,42830,D7AM,April2-2017,52,52.1.3.2015,5.41,8800,12000,399.3344426
60,3,42830,D7AM,April2-2017,52,52.1.3.2015,5.16,8000,12000,331.0344828
61,1,42830,D7AM,April2-2017,52,52.1.0.2014,5.38,8500,11800,273.7819026
61,2,42830,D7AM,April2-2017,52,52.1.0.2014,5.42,9250,12000,274.9140893
61,3,42830,D7AM,April2-2017,52,52.1.0.2014,5.38,7000,11800,228.6821705
62,1,42830,D7AM,April2-2017,16,16.X.1.2016,5.29,7600,11300,229.4416244
62,2,42830,D7AM,April2-2017,16,16.X.1.2016,5.41,7200,10500,308.3700441
62,3,42830,D7AM,April2-2017,16,16.X.1.2016,,,,
63,1,42830,D7AM,April2-2017,56,56.1.0.2015,5.32,7800,12000,323.0148048
63,2,42830,D7AM,April2-2017,56,56.1.0.2015,5.33,8200,12500,260.1456816
63,3,42830,D7AM,April2-2017,56,56.1.0.2015,5.36,7500,11800,255.9652928
64,1,42830,D7AM,April2-2017,16,16.X.2.2016,5.4,8500,12200,330.1759134
64,2,42830,D7AM,April2-2017,16,16.X.2.2016,5.3,9000,10000,190.8396947
64,3,42830,D7AM,April2-2017,16,16.X.2.2016,5.28,8850,11500,222.007722
65,1,42830,D7AM,April2-2017,12,12.1.5.2016,5.09,7800,10900,250.2870264
65,2,42830,D7AM,April2-2017,12,12.1.5.2016,5.26,8900,12500,265.3927813
35,1,42830,D7PM,17-Apr,53,53.2.2.2105,6.07,420,820,26.24
35,2,42830,D7PM,17-Apr,53,53.2.2.2105,6.01,400,750,25.77319588
35,3,42830,D7PM,17-Apr,53,53.2.2.2105,6.05,380,720,25.35211268
36,1,42830,D7PM,17-Apr,36,36.1.2.2016,,,,
36,2,42830,D7PM,17-Apr,36,36.1.2.2016,,,,
36,3,42830,D7PM,17-Apr,36,36.1.2.2016,,,,
37,1,42830,D7PM,17-Apr,48,48.2.3.2015,6.1,400,800,29.03811252
37,2,42830,D7PM,17-Apr,48,48.2.3.2015,6.13,500,1180,38.94389439
37,3,42830,D7PM,17-Apr,48,48.2.3.2015,6.07,600,1375,48.50088183
38,1,42830,D7PM,17-Apr,36,36.1.1.2016,6.07,700,1505,58.67446394
38,2,42830,D7PM,17-Apr,36,36.1.1.2016,6.03,680,1415,52.99625468
38,3,42830,D7PM,17-Apr,36,36.1.1.2016,6.06,700,1575,53.75426621
39,1,42830,D7PM,17-Apr,48,48.1.1.2015,6.02,1075,1135,24.4612069
39,2,42830,D7PM,17-Apr,48,48.1.1.2015,6.03,900,1955,44.13092551
39,3,42830,D7PM,17-Apr,48,48.1.1.2015,5.97,875,1750,43.26328801
40,1,42830,D7PM,17-Apr,37,37.X.6.2015,6.07,900,1900,39.5421436
40,2,42830,D7PM,17-Apr,37,37.X.6.2015,5.96,725,1500,41.49377593
40,3,42830,D7PM,17-Apr,37,37.X.6.2015,6.03,875,2075,47.26651481
41,1,42830,D7PM,17-Apr,36,36.1.5.2016,6.12,700,1900,55.31295488
41,2,42830,D7PM,17-Apr,36,36.1.5.2016,6.12,675,1775,51.59883721
41,3,42830,D7PM,17-Apr,36,36.1.5.2016,6.11,680,1680,53.76
42,1,42830,D7PM,17-Apr,36,36.1.6.2016,,,,
42,2,42830,D7PM,17-Apr,36,36.1.6.2016,,,,
42,3,42830,D7PM,17-Apr,36,36.1.6.2016,,,,
43,1,42830,D7PM,17-Apr,53,53.2.5.2015,6.1,600,1425,46.95222405
43,2,42830,D7PM,17-Apr,53,53.2.5.2015,6.11,525,1400,47.78156997
43,3,42830,D7PM,17-Apr,53,53.2.5.2015,6.15,550,1550,50.24311183
44,1,42830,D7PM,17-Apr,53,53.2.1.2015,6.11,500,1300,52.52525253
44,2,42830,D7PM,17-Apr,53,53.2.1.2015,6.09,600,1500,56.49717514
44,3,42830,D7PM,17-Apr,53,53.2.1.2015,6.14,350,1050,41.58415842
45,1,42830,D7PM,17-Apr,37,37.X.1.2015,6.2,600,1350,46.55172414
45,2,42830,D7PM,17-Apr,37,37.X.1.2015,6.23,400,1400,49.38271605
45,3,42830,D7PM,17-Apr,37,37.X.1.2015,6.21,500,1210,25.20833333
46,1,42830,D7PM,17-Apr,48,48.2.0.2014,6.16,650,2050,48.6935867
46,2,42830,D7PM,17-Apr,48,48.2.0.2014,6.12,700,1480,33.29583802
46,3,42830,D7PM,17-Apr,48,48.2.0.2014,6.17,800,1400,32.18390805
47,1,42830,D7PM,17-Apr,37,37.X.7.2015,6.18,800,2200,46.85835996
47,2,42830,D7PM,17-Apr,37,37.X.7.2015,6.23,550,1300,33.16326531
47,3,42830,D7PM,17-Apr,37,37.X.7.2015,6.16,675,2175,81.30841121
48,1,42830,D7PM,17-Apr,53,53.2.3.2015,6.07,750,2050,74.81751825
48,2,42830,D7PM,17-Apr,53,53.2.3.2015,,,,
48,3,42830,D7PM,17-Apr,53,53.2.3.2015,6.13,700,2005,66.06260297
49,1,42830,D7PM,17-Apr,37,37.X.8.2015,6.05,750,1925,72.2326454
49,2,42830,D7PM,17-Apr,37,37.X.8.2015,6.19,700,2200,71.31280389
49,3,42830,D7PM,17-Apr,37,37.X.8.2015,6.13,700,2100,74.46808511
50,1,42830,D7PM,17-Apr,48,48.2.1.2015,6.05,700,1975,71.55797101
50,2,42830,D7PM,17-Apr,48,48.2.1.2015,6.1,775,2225,70.30015798
35,1,42830,D7AM,17-Apr,53,53.2.2.2105,5.38,3000,6000,198.6754967
35,2,42830,D7AM,17-Apr,53,53.2.2.2105,5.33,4100,8700,269.7674419
35,3,42830,D7AM,17-Apr,53,53.2.2.2105,5.34,4400,8500,272
36,1,42830,D7AM,17-Apr,36,36.1.2.2016,,,,
36,2,42830,D7AM,17-Apr,36,36.1.2.2016,,,,
36,3,42830,D7AM,17-Apr,36,36.1.2.2016,,,,
37,1,42830,D7AM,17-Apr,48,48.2.3.2015,5.19,5400,10100,296.6226138
37,2,42830,D7AM,17-Apr,48,48.2.3.2015,5.21,5200,9700,305.0314465
37,3,42830,D7AM,17-Apr,48,48.2.3.2015,5.16,6700,12200,307.3047859
38,1,42830,D7AM,17-Apr,36,36.1.1.2016,5.52,3800,8100,225.6267409
38,2,42830,D7AM,17-Apr,36,36.1.1.2016,5.56,3200,6800,213.836478
38,3,42830,D7AM,17-Apr,36,36.1.1.2016,5.52,3000,6000,218.1818182
39,1,42830,D7AM,17-Apr,48,48.1.1.2015,5.53,4300,8900,226.7515924
39,2,42830,D7AM,17-Apr,48,48.1.1.2015,5.59,1000,2200,60.94182825
39,3,42830,D7AM,17-Apr,48,48.1.1.2015,5.42,3000,3800,88.06488992
40,1,42830,D7AM,17-Apr,37,37.X.6.2015,5.14,4000,4500,106.3829787
40,2,42830,D7AM,17-Apr,37,37.X.6.2015,5.22,3400,4200,113.6671177
40,3,42830,D7AM,17-Apr,37,37.X.6.2015,5.19,3000,4000,111.1111111
41,1,42830,D7AM,17-Apr,36,36.1.5.2016,5.28,3300,4400,152.5129983
41,2,42830,D7AM,17-Apr,36,36.1.5.2016,5.16,3500,4600,117.7976953
41,3,42830,D7AM,17-Apr,36,36.1.5.2016,5.2,3800,3900,119.8156682
42,1,42830,D7AM,17-Apr,36,36.1.6.2016,5.22,3500,4400,118.5983827
42,2,42830,D7AM,17-Apr,36,36.1.6.2016,5.24,3000,4000,108.6956522
42,3,42830,D7AM,17-Apr,36,36.1.6.2016,,,,
43,1,42830,D7AM,17-Apr,53,53.2.5.2015,,,,
43,2,42830,D7AM,17-Apr,53,53.2.5.2015,,,,
43,3,42830,D7AM,17-Apr,53,53.2.5.2015,5.17,2800,3250,95.72901325
44,1,42830,D7AM,17-Apr,53,53.2.1.2015,5.67,1250,1750,48.88268156
44,2,42830,D7AM,17-Apr,53,53.2.1.2015,5.64,1650,2200,59.94550409
44,3,42830,D7AM,17-Apr,53,53.2.1.2015,5.39,2305,2835,74.31192661
45,1,42830,D7AM,17-Apr,37,37.X.1.2015,,,,
45,2,42830,D7AM,17-Apr,37,37.X.1.2015,5.3,3500,4205,128.9877301
45,3,42830,D7AM,17-Apr,37,37.X.1.2015,5.28,3350,3950,117.5595238
46,1,42830,D7AM,17-Apr,48,48.2.0.2014,5.65,1850,2450,58.61244019
46,2,42830,D7AM,17-Apr,48,48.2.0.2014,5.64,2390,3090,71.52777778
46,3,42830,D7AM,17-Apr,48,48.2.0.2014,5.6,2150,2780,66.90734055
47,1,42830,D7AM,17-Apr,37,37.X.7.2015,5.43,,,
47,2,42830,D7AM,17-Apr,37,37.X.7.2015,5.48,1910,2540,85.66610455
47,3,42830,D7AM,17-Apr,37,37.X.7.2015,5.36,2250,2750,101.663586
48,1,42830,D7AM,17-Apr,53,53.2.3.2015,5.78,1280,1930,49.55070603
48,2,42830,D7AM,17-Apr,53,53.2.3.2015,,,,
48,3,42830,D7AM,17-Apr,53,53.2.3.2015,5.78,1100,1450,48.49498328
49,1,42830,D7AM,17-Apr,37,37.X.8.2015,5.28,2950,3650,132.2463768
49,2,42830,D7AM,17-Apr,37,37.X.8.2015,,,,
49,3,42830,D7AM,17-Apr,37,37.X.8.2015,,,,
50,1,42830,D7AM,17-Apr,48,48.2.1.2015,,,,
50,2,42830,D7AM,17-Apr,48,48.2.1.2015,,,,
50,3,42830,D7AM,17-Apr,48,48.2.1.2015,,,,
31,1,42782,D7PM,17-Feb,43,43.2.3.2015,6.17,470,1020,31.19266055
31,2,42782,D7PM,17-Feb,43,43.2.3.2015,6.13,450,945,47.72727273
31,3,42782,D7PM,17-Feb,43,43.2.3.2015,6.12,580,1215,32.57372654
32,1,42782,D7PM,17-Feb,43,43.1.1.2015,6.27,320,970,24.46406053
32,2,42782,D7PM,17-Feb,43,43.1.1.2015,6.14,405,875,31.87613843
32,3,42782,D7PM,17-Feb,43,43.1.1.2015,6.28,300,910,28.88888889
33,1,42782,D7PM,17-Feb,43,43.2.4.2015,6.06,405,950,31.66666667
33,2,42782,D7PM,17-Feb,43,43.2.4.2015,6.12,550,1105,29.46666667
33,3,42782,D7PM,17-Feb,43,43.2.4.2015,6.11,425,945,27.39130435
34,1,42782,D7PM,17-Feb,43,43.2.1.2015,6.04,405,960,30.9178744
34,2,42782,D7PM,17-Feb,43,43.2.1.2015,6.08,575,1175,31.00263852
34,3,42782,D7PM,17-Feb,43,43.2.1.2015,6.09,475,1000,29.06976744
31,1,42782,D7AM,17-Feb,43,43.2.3.2015,5.23,3000,4500,157.0680628
31,2,42782,D7AM,17-Feb,43,43.2.3.2015,5.11,2800,4200,129.6296296
31,3,42782,D7AM,17-Feb,43,43.2.3.2015,5.14,3500,5500,164.1791045
32,1,42782,D7AM,17-Feb,43,43.1.1.2015,5.36,1000,3000,91.60305344
32,2,42782,D7AM,17-Feb,43,43.1.1.2015,5.23,2000,2900,122.6215645
32,3,42782,D7AM,17-Feb,43,43.1.1.2015,5.27,2460,3510,12.6032316
33,1,42782,D7AM,17-Feb,43,43.2.4.2015,5.17,3600,4940,146.1538462
33,2,42782,D7AM,17-Feb,43,43.2.4.2015,5.2,4200,5800,166.9064748
33,3,42782,D7AM,17-Feb,43,43.2.4.2015,5.26,4700,6175,169.1780822
34,1,42782,D7AM,17-Feb,43,43.2.1.2015,5.26,5700,7850,153.0214425
34,2,42782,D7AM,17-Feb,43,43.2.1.2015,5.29,6200,8800,194.0463065
34,3,42782,D7AM,17-Feb,43,43.2.1.2015,5.22,5900,8200,176.1546724
17,1,42690,D7PM,16-Nov,46,46.1.0,6.16,350,850,23.31961591
17,2,42690,D7PM,16-Nov,46,46.1.0,6.31,200,600,18.09954751
17,3,42690,D7PM,16-Nov,46,46.1.0,6.26,375,950,18.75616979
18,1,42690,D7PM,16-Nov,Eudy,Eudy3,6.13,500,1000,24.90660025
18,2,42690,D7PM,16-Nov,Eudy,Eudy3,6.15,400,875,23.48993289
18,3,42690,D7PM,16-Nov,Eudy,Eudy3,6.12,485,1035,26.43678161
19,1,42690,D7PM,16-Nov,15,15.2.1.201X,6.06,685,1335,35.08541393
19,2,42690,D7PM,16-Nov,15,15.2.1.201X,6.1,750,1600,39.16768666
19,3,42690,D7PM,16-Nov,15,15.2.1.201X,6.15,580,1380,34.80453972
20,1,42690,D7PM,16-Nov,15,15.1.1.201X,6.08,715,1465,35.55825243
20,2,42690,D7PM,16-Nov,15,15.1.1.201X,6.06,750,1550,35.96287703
20,3,42690,D7PM,16-Nov,15,15.1.1.201X,6.04,750,1620,36.28219485
21,1,42690,D7PM,16-Nov,Eudy,Eudy1,6.16,,1080,24.46206116
21,2,42690,D7PM,16-Nov,Eudy,Eudy1,6.16,480,1105,26.15384615
21,3,42690,D7PM,16-Nov,Eudy,Eudy1,6.13,530,1190,30.94928479
22,1,42690,D7PM,16-Nov,15,15.2.2.201X,6.04,1085,1790,36.60531697
22,2,42690,D7PM,16-Nov,15,15.2.2.201X,6,1170,2080,46.84684685
22,3,42690,D7PM,16-Nov,15,15.2.2.201X,6.03,960,1870,44.68339307
23,1,42690,D7PM,16-Nov,46,46.1.2.2015,6.3,345,1125,31.12033195
23,2,42690,D7PM,16-Nov,46,46.1.2.2015,6.18,440,1165,34.36578171
23,3,42690,D7PM,16-Nov,46,46.1.2.2015,6.26,425,1270,35.37604457
24,1,42690,D7PM,16-Nov,20,20.2.4.2015,6.16,480,1160,33.04843305
24,2,42690,D7PM,16-Nov,20,20.2.4.2015,6.24,450,1250,27.65486726
24,3,42690,D7PM,16-Nov,20,20.2.4.2015,6.19,450,1150,33.04597701
25,1,42690,D7PM,16-Nov,Eudy,Eudy4,6.13,575,1375,36.96236559
25,2,42690,D7PM,16-Nov,Eudy,Eudy4,6.16,500,1300,32.25806452
25,3,42690,D7PM,16-Nov,Eudy,Eudy4,6.09,800,1775,30.03384095
26,1,42690,D7PM,16-Nov,20,20.2.5.2015,6.25,400,1200,33.61344538
26,2,42690,D7PM,16-Nov,20,20.2.5.2015,6.26,450,1425,35.01228501
26,3,42690,D7PM,16-Nov,20,20.2.5.2015,6.3,370,1320,34.19689119
27,1,42690,D7PM,16-Nov,20,20.2.3.2015,6.26,675,2075,35.10998308
27,2,42690,D7PM,16-Nov,20,20.2.3.2015,6.34,415,1690,33.20235756
27,3,42690,D7PM,16-Nov,20,20.2.3.2015,6.29,505,1700,35.41666667
28,1,42690,D7PM,16-Nov,Eudy,Eudy2,6.24,500,1540,36.44970414
28,2,42690,D7PM,16-Nov,Eudy,Eudy2,6.26,450,1490,34.73193473
28,3,42690,D7PM,16-Nov,Eudy,Eudy2,6.22,795,2370,33.52192362
29,1,42690,D7PM,16-Nov,20,20.2.1.2015,6.2,505,1530,37.18104496
29,2,42690,D7PM,16-Nov,20,20.2.1.2015,6.05,675,1725,53.24074074
29,3,42690,D7PM,16-Nov,20,20.2.1.2015,6.19,575,1600,47.05882353
30,1,42690,D7PM,16-Nov,46,46.1.1.2015,6.18,600,1825,50.55401662
30,2,42690,D7PM,16-Nov,46,46.1.1.2015,6.16,600,1750,54.60218409
30,3,42690,D7PM,16-Nov,46,46.1.1.2015,6.12,700,2020,62.24961479
17,1,42690,D7AM,16-Nov,46,46.1.0,5.5,3800,6800,185.7923497
17,2,42690,D7AM,16-Nov,46,46.1.0,5.43,5000,8600,195.6769056
17,3,42690,D7AM,16-Nov,46,46.1.0,5.62,3000,5600,147.7572559
18,1,42690,D7AM,16-Nov,Eudy,Eudy3,5.34,5000,8300,179.4594595
18,2,42690,D7AM,16-Nov,Eudy,Eudy3,5.25,7850,13850,249.3249325
18,3,42690,D7AM,16-Nov,Eudy,Eudy3,5.48,5200,10000,200.6018054
19,1,42690,D7AM,16-Nov,15,15.2.1.201X,5.43,5000,7500,124.1721854
19,2,42690,D7AM,16-Nov,15,15.2.1.201X,5.42,5350,7800,173.5261402
19,3,42690,D7AM,16-Nov,15,15.2.1.201X,5.51,4800,6580,160.8801956
20,1,42690,D7AM,16-Nov,15,15.1.1.201X,5.24,7600,16000,369.088812
20,2,42690,D7AM,16-Nov,15,15.1.1.201X,5.25,7350,15350,335.8862144
20,3,42690,D7AM,16-Nov,15,15.1.1.201X,5.29,7200,11100,241.8300654
21,1,42690,D7AM,16-Nov,Eudy,Eudy1,5.49,3150,6900,358.4415584
21,2,42690,D7AM,16-Nov,Eudy,Eudy1,5.4,5600,12400,366.8639053
21,3,42690,D7AM,16-Nov,Eudy,Eudy1,5.55,2400,5150,381.4814815
22,1,42690,D7AM,16-Nov,15,15.2.2.201X,5.6,6200,14800,297.188755
22,2,42690,D7AM,16-Nov,15,15.2.2.201X,5.54,6400,11500,253.3039648
22,3,42690,D7AM,16-Nov,15,15.2.2.201X,5.52,2275,3525,95.65807327
23,1,42690,D7AM,16-Nov,46,46.1.2.2015,5.24,3600,4150,108.2138201
23,2,42690,D7AM,16-Nov,46,46.1.2.2015,5.32,2550,3150,94.02985075
23,3,42690,D7AM,16-Nov,46,46.1.2.2015,5.22,3250,3850,110.9510086
24,1,42690,D7AM,16-Nov,20,20.2.4.2015,4.98,3700,4250,119.5499297
24,2,42690,D7AM,16-Nov,20,20.2.4.2015,5.23,3850,4500,97.93253536
24,3,42690,D7AM,16-Nov,20,20.2.4.2015,5.02,3900,4500,120
25,1,42690,D7AM,16-Nov,Eudy,Eudy4,5.33,3000,4000,113.7980085
25,2,42690,D7AM,16-Nov,Eudy,Eudy4,5.22,3000,3600,106.9836553
25,3,42690,D7AM,16-Nov,Eudy,Eudy4,5.28,5350,6080,183.4087481
26,1,42690,D7AM,16-Nov,20,20.2.5.2015,5.18,4950,5750,140.7588739
26,2,42690,D7AM,16-Nov,20,20.2.5.2015,5.11,4900,5900,159.6752368
26,3,42690,D7AM,16-Nov,20,20.2.5.2015,5.17,4600,5600,141.4141414
27,1,42690,D7AM,16-Nov,20,20.2.3.2015,5.19,5800,6880,164.5933014
27,2,42690,D7AM,16-Nov,20,20.2.3.2015,5.25,6100,7400,158.4582441
27,3,42690,D7AM,16-Nov,20,20.2.3.2015,5.24,7700,9500,195.0718686
28,1,42690,D7AM,16-Nov,Eudy,Eudy2,5.31,3500,4450,126.9614836
28,2,42690,D7AM,16-Nov,Eudy,Eudy2,5.25,3175,4000,102.6957638
28,3,42690,D7AM,16-Nov,Eudy,Eudy2,5.32,3700,4800,107.9865017
29,1,42690,D7AM,16-Nov,20,20.2.1.2015,5.18,4925,5825,148.9769821
29,2,42690,D7AM,16-Nov,20,20.2.1.2015,5.21,4000,4800,129.3800539
29,3,42690,D7AM,16-Nov,20,20.2.1.2015,5.24,3975,4875,123.2616941
30,1,42690,D7AM,16-Nov,46,46.1.1.2015,5.38,2875,3850,93.78806334
30,2,42690,D7AM,16-Nov,46,46.1.1.2015,5.41,3075,4125,104.9618321
30,3,42690,D7AM,16-Nov,46,46.1.1.2015,5.25,3750,4950,110.738255
1,1,42641,D7PM,16-Sep,G,G.0.1.2015,6.25,340,940,21.21896163
1,2,42641,D7PM,16-Sep,G,G.0.1.2015,6.2,400,860,20.5988024
1,3,42641,D7PM,16-Sep,G,G.0.1.2015,6.37,200,850,20.19002375
2,1,42641,D7PM,16-Sep,19,19.2.2.2015,6.16,350,710,23.27868852
2,2,42641,D7PM,16-Sep,19,19.2.2.2015,6.08,550,820,19.24882629
2,3,42641,D7PM,16-Sep,19,19.2.2.2015,6.17,450,960,22.2737819
3,1,42641,D7PM,16-Sep,13,13.1.3.2016,6.2,400,850,21.43757881
3,2,42641,D7PM,16-Sep,13,13.1.3.2016,6.17,410,860,21.88295165
3,3,42641,D7PM,16-Sep,13,13.1.3.2016,6.27,175,500,15.43209877
4,1,42641,D7PM,16-Sep,45,45.1.0.2015,6.1,350,670,19.85185185
4,2,42641,D7PM,16-Sep,45,45.1.0.2015,6.03,480,860,23.59396433
4,3,42641,D7PM,16-Sep,45,45.1.0.2015,5.98,370,650,21.20717781
5,1,42641,D7PM,16-Sep,13,13.2.1.201X,6.12,400,800,15.56420233
5,2,42641,D7PM,16-Sep,13,13.2.1.201X,6.11,350,700,16.1849711
5,3,42641,D7PM,16-Sep,13,13.2.1.201X,6.1,320,620,16.20915033
6,1,42641,D7PM,16-Sep,G,G.0.3.2015,6.04,380,780,21.69680111
6,2,42641,D7PM,16-Sep,G,G.0.3.2015,5.97,400,800,25.6
6,3,42641,D7PM,16-Sep,G,G.0.3.2015,6.17,400,800,21.73913043
7,1,42641,D7PM,16-Sep,45,45.2.3.2015,5.96,660,1160,31.7373461
7,2,42641,D7PM,16-Sep,45,45.2.3.2015,6.07,650,1225,35.05007153
7,3,42641,D7PM,16-Sep,45,45.2.3.2015,5.9,660,1190,30.43478261
8,1,42641,D7PM,16-Sep,19,19.2.3.2015,6.18,370,830,22.49322493
8,2,42641,D7PM,16-Sep,19,19.2.3.2015,6.17,480,1030,22.27027027
8,3,42641,D7PM,16-Sep,19,19.2.3.2015,6.16,360,770,24.10015649
9,1,42641,D7PM,16-Sep,19,19.1.1.201X,6.06,490,950,22.70011947
9,2,42641,D7PM,16-Sep,19,19.1.1.201X,6.03,650,1240,21.41623489
9,3,42641,D7PM,16-Sep,19,19.1.1.201X,5.99,490,960,23.52941176
10,1,42641,D7PM,16-Sep,45,45.2.0.2015,6,610,1220,33.42465753
10,2,42641,D7PM,16-Sep,45,45.2.0.2015,6.05,810,1620,35.92017738
10,3,42641,D7PM,16-Sep,45,45.2.0.2015,6.08,660,1390,34.2364532
11,1,42641,D7PM,16-Sep,G,G.0.0.2013,5.99,500,950,27.61627907
11,2,42641,D7PM,16-Sep,G,G.0.0.2013,6.05,410,850,26.19414484
11,3,42641,D7PM,16-Sep,G,G.0.0.2013,6.07,500,1110,24
12,1,42641,D7PM,16-Sep,19,19.2.1.201X,6.13,430,940,21.78447277
12,2,42641,D7PM,16-Sep,19,19.2.1.201X,6.17,540,1100,25.11415525
12,3,42641,D7PM,16-Sep,19,19.2.1.201X,6.16,400,940,21.6839677
13,1,42641,D7PM,16-Sep,13,13.1.2.2016,5.93,600,1020,26.52795839
13,2,42641,D7PM,16-Sep,13,13.1.2.2016,6,500,1080,26.69962917
13,3,42641,D7PM,16-Sep,13,13.1.2.2016,6.01,500,1060,29.00136799
14,1,42641,D7PM,16-Sep,13,13.1.4.2016,5.96,1300,2000,40
14,2,42641,D7PM,16-Sep,13,13.1.4.2016,6.05,650,1450,47.00162075
14,3,42641,D7PM,16-Sep,13,13.1.4.2016,6.01,850,1810,46.89119171
15,1,42641,D7PM,16-Sep,45,45.1.1.2015,6.04,700,1450,30.85106383
15,2,42641,D7PM,16-Sep,45,45.1.1.2015,6.09,700,1470,28.65497076
15,3,42641,D7PM,16-Sep,45,45.1.1.2015,6.57,,600,13.04347826
16,1,42641,D7PM,16-Sep,G,G.0.2.2015,6.43,70,730,19.21052632
16,2,42641,D7PM,16-Sep,G,G.0.2.2015,6.08,600,1360,32.304038
16,3,42641,D7PM,16-Sep,G,G.0.2.2015,6.03,500,1100,33.08270677
1,1,42642,D7AM,16-Sep,G,G.0.1.2015,5.32,2550,3800,105.2631579
1,2,42642,D7AM,16-Sep,G,G.0.1.2015,5.35,1950,2960,103.6777583
1,3,42642,D7AM,16-Sep,G,G.0.1.2015,5.3,4800,6850,130.8500478
2,1,42642,D7AM,16-Sep,19,19.2.2.2015,5.46,3650,5400,124.7113164
2,2,42642,D7AM,16-Sep,19,19.2.2.2015,5.34,4180,6080,145.4545455
2,3,42642,D7AM,16-Sep,19,19.2.2.2015,5.41,4400,6480,145.1287794
3,1,42642,D7AM,16-Sep,13,13.1.3.2016,5.37,2700,4100,116.4772727
3,2,42642,D7AM,16-Sep,13,13.1.3.2016,5.35,3060,4960,125.0945776
3,3,42642,D7AM,16-Sep,13,13.1.3.2016,5.4,2300,3700,112.9770992
4,1,42642,D7AM,16-Sep,45,45.1.0.2015,5.52,2200,3780,86.20296465
4,2,42642,D7AM,16-Sep,45,45.1.0.2015,5.4,2900,4500,108.9588378
4,3,42642,D7AM,16-Sep,45,45.1.0.2015,5.59,2300,3800,73.71483996
5,1,42642,D7AM,16-Sep,13,13.2.1.201X,5.41,3100,4700,112.7098321
5,2,42642,D7AM,16-Sep,13,13.2.1.201X,5.44,2800,4600,106.7285383
5,3,42642,D7AM,16-Sep,13,13.2.1.201X,5.39,3100,5000,113.6363636
6,1,42642,D7AM,16-Sep,G,G.0.3.2015,5.21,3700,5950,219.9630314
6,2,42642,D7AM,16-Sep,G,G.0.3.2015,5.27,4000,6550,170.3511053
6,3,42642,D7AM,16-Sep,G,G.0.3.2015,5.28,5300,8500,199.0632319
7,1,42642,D7AM,16-Sep,45,45.2.3.2015,,,,
7,2,42642,D7AM,16-Sep,45,45.2.3.2015,5.57,3500,5200,132.3155216
7,3,42642,D7AM,16-Sep,45,45.2.3.2015,,,,
8,1,42642,D7AM,16-Sep,19,19.2.3.2015,5.3,4150,7900,271.9449225
8,2,42642,D7AM,16-Sep,19,19.2.3.2015,4.24,4600,9100,150.4132231
8,3,42642,D7AM,16-Sep,19,19.2.3.2015,5.29,4400,8800,176.3527054
9,1,42642,D7AM,16-Sep,19,19.1.1.201X,5.83,2890,4250,93.71554576
9,2,42642,D7AM,16-Sep,19,19.1.1.201X,5.71,2050,4250,87.71929825
9,3,42642,D7AM,16-Sep,19,19.1.1.201X,5.6,3410,5350,124.4186047
10,1,42642,D7AM,16-Sep,45,45.2.0.2015,5.37,3200,6875,215.5172414
10,2,42642,D7AM,16-Sep,45,45.2.0.2015,5.52,3500,7600,218.0774749
10,3,42642,D7AM,16-Sep,45,45.2.0.2015,5.57,3300,7450,212.2507123
11,1,42642,D7AM,16-Sep,G,G.0.0.2013,5.23,5350,11550,319.5020747
11,2,42642,D7AM,16-Sep,G,G.0.0.2013,5.27,4300,10300,291.3719943
11,3,42642,D7AM,16-Sep,G,G.0.0.2013,5.29,5150,11350,298.6842105
12,1,42642,D7AM,16-Sep,19,19.2.1.201X,5.81,2100,5400,152.9745042
12,2,42642,D7AM,16-Sep,19,19.2.1.201X,5.74,2000,5300,219.0082645
12,3,42642,D7AM,16-Sep,19,19.2.1.201X,5.53,3600,8250,240.8759124
13,1,42642,D7AM,16-Sep,13,13.1.2.2016,5.16,5500,12500,290.6976744
13,2,42642,D7AM,16-Sep,13,13.1.2.2016,5.34,5650,8000,185.8304297
13,3,42642,D7AM,16-Sep,13,13.1.2.2016,5.26,3700,3950,94.61077844
14,1,42642,D7AM,16-Sep,13,13.1.4.2016,5.11,3350,4350,116.3101604
14,2,42642,D7AM,16-Sep,13,13.1.4.2016,5.36,3350,7510,113.8741471
14,3,42642,D7AM,16-Sep,13,13.1.4.2016,5.23,2780,5200,80.37094281
15,1,42642,D7AM,16-Sep,45,45.1.1.2015,5.38,2640,3180,94.22222222
15,2,42642,D7AM,16-Sep,45,45.1.1.2015,5.32,3090,3450,97.87234043
15,3,42642,D7AM,16-Sep,45,45.1.1.2015,5.46,2030,2465,76.6718507
16,1,42642,D7AM,16-Sep,G,G.0.2.2015,5.27,3400,4020,104.4155844
16,2,42642,D7AM,16-Sep,G,G.0.2.2015,5.25,2790,3370,94.3977591
16,3,42642,D7AM,16-Sep,G,G.0.2.2015,5.32,3930,4750,104.3956044
101,1,42467,D7PM,16-Apr,1AB,1AB.2.1.2013,5.92,540,890,21.19047619
101,2,42467,D7PM,16-Apr,1AB,1AB.2.1.2013,6.1,490,910,18.86010363
101,3,42467,D7PM,16-Apr,1AB,1AB.2.1.2013,6.12,500,900,19.02748414
102,1,42467,D7PM,16-Apr,18,18.2.3.2015,6.11,360,650,18.13110181
102,2,42467,D7PM,16-Apr,18,18.2.3.2015,6.06,470,805,16.80584551
102,3,42467,D7PM,16-Apr,18,18.2.3.2015,6.14,420,810,21.86234818
103,1,42467,D7PM,16-Apr,2AB,2AB.1.2.2013,6.16,510,980,19.52191235
103,2,42467,D7PM,16-Apr,2AB,2AB.1.2.2013,6.12,470,910,19.91247265
103,3,42467,D7PM,16-Apr,2AB,2AB.1.2.2013,6.78,,270,6.129398411
104,1,42467,D7PM,16-Apr,1AB,1AB.1.1.2013,6.14,500,1020,22.12581345
104,2,42467,D7PM,16-Apr,1AB,1AB.1.1.2013,6.13,625,1175,24.20185376
104,3,42467,D7PM,16-Apr,1AB,1AB.1.1.2013,6.11,625,1175,25.85258526
106,1,42467,D7PM,16-Apr,18,18.2.4.2015,6.34,200,700,18.91891892
106,2,42467,D7PM,16-Apr,18,18.2.4.2015,6.23,275,675,21.56549521
106,3,42467,D7PM,16-Apr,18,18.2.4.2015,6.38,150,700,16.58767773
108,1,42467,D7PM,16-Apr,2AB,2AB.2.1.2013,6.15,525,1075,21.93877551
108,2,42467,D7PM,16-Apr,2AB,2AB.2.1.2013,6.26,300,700,19.09959072
108,3,42467,D7PM,16-Apr,2AB,2AB.2.1.2013,6.18,400,820,21.92513369
110,1,42467,D7PM,16-Apr,2AB,2AB.1.1.2013,6.15,500,950,23.17073171
110,2,42467,D7PM,16-Apr,2AB,2AB.1.1.2013,6.25,320,845,19.24829157
110,3,42467,D7PM,16-Apr,2AB,2AB.1.1.2013,6.06,550,1070,26.3546798
111,1,42467,D7PM,16-Apr,18,18.1.1.2015,,,,
111,2,42467,D7PM,16-Apr,18,18.1.1.2015,6.19,410,935,23.5813367
111,3,42467,D7PM,16-Apr,18,18.1.1.2015,6.15,470,1045,27.32026144
112,1,42467,D7PM,16-Apr,18,18.2.1.2015,,,,
112,2,42467,D7PM,16-Apr,18,18.2.1.2015,6.17,300,625,22.20248668
112,3,42467,D7PM,16-Apr,18,18.2.1.2015,6.26,220,615,26.62337662
101,1,42467,D7AM,16-Apr,1AB,1AB.2.1.2013,,,,
101,2,42467,D7AM,16-Apr,1AB,1AB.2.1.2013,5.56,2175,2850,69.51219512
101,3,42467,D7AM,16-Apr,1AB,1AB.2.1.2013,5.58,2175,2925,69.47743468
102,1,42467,D7AM,16-Apr,18,18.2.3.2015,,,,
102,2,42467,D7AM,16-Apr,18,18.2.3.2015,5.84,1150,1725,46.68470907
102,3,42467,D7AM,16-Apr,18,18.2.3.2015,5.84,1000,1275,49.90215264
103,1,42467,D7AM,16-Apr,2AB,2AB.1.2.2013,5.46,2700,3320,77.75175644
103,2,42467,D7AM,16-Apr,2AB,2AB.1.2.2013,5.47,2500,3000,73.43941248
103,3,42467,D7AM,16-Apr,2AB,2AB.1.2.2013,5.51,2720,3460,80.74679113
104,1,42467,D7AM,16-Apr,1AB,1AB.1.1.2013,5.54,2420,3240,68.57142857
104,2,42467,D7AM,16-Apr,1AB,1AB.1.1.2013,5.59,2270,3040,67.78149387
104,3,42467,D7AM,16-Apr,1AB,1AB.1.1.2013,5.58,2600,3445,72.22222222
106,1,42467,D7AM,16-Apr,18,18.2.4.2015,5.84,1000,1400,64.07322654
106,2,42467,D7AM,16-Apr,18,18.2.4.2015,5.82,1370,2095,48.94859813
106,3,42467,D7AM,16-Apr,18,18.2.4.2015,5.87,1200,1800,49.86149584
108,1,42467,D7AM,16-Apr,2AB,2AB.2.1.2013,5.55,2500,3060,60.77457795
108,2,42467,D7AM,16-Apr,2AB,2AB.2.1.2013,5.9,1000,1500,41.15226337
108,3,42467,D7AM,16-Apr,2AB,2AB.2.1.2013,5.56,1850,2350,63.25706595
110,1,42467,D7AM,16-Apr,2AB,2AB.1.1.2013,5.46,1340,1615,44.98607242
110,2,42467,D7AM,16-Apr,2AB,2AB.1.1.2013,5.48,1920,2270,56.53798257
110,3,42467,D7AM,16-Apr,2AB,2AB.1.1.2013,5.58,1275,1575,46.52880355
111,1,42467,D7AM,16-Apr,18,18.1.1.2015,5.39,2000,2350,64.20765027
111,2,42467,D7AM,16-Apr,18,18.1.1.2015,5.45,1850,2225,67.52655539
111,3,42467,D7AM,16-Apr,18,18.1.1.2015,5.39,1825,2125,57.04697987
112,1,42467,D7AM,16-Apr,18,18.2.1.2015,5.44,2840,3415,65.04761905
112,2,42467,D7AM,16-Apr,18,18.2.1.2015,5.54,1750,2050,50.43050431
112,3,42467,D7AM,16-Apr,18,18.2.1.2015,5.54,2045,2520,57.2077185
51,1,,D9AM,April2-2017,16,16.X.7.2016,5.39,5400,10000,238.3790226
51,2,,D9AM,April2-2017,16,16.X.7.2016,5.36,5000,9500,213.7232846
51,3,,D9AM,April2-2017,16,16.X.7.2016,5.41,5100,9100,234.8387097
52,1,,D9AM,April2-2017,16,16.X.6.2016,5.31,4950,9000,255.6818182
52,2,,D9AM,April2-2017,16,16.X.6.2016,5.42,5500,9800,253.5575679
52,3,,D9AM,April2-2017,16,16.X.6.2016,5.38,5000,9300,235.1453856
53,3,,D9AM,April2-2017,56,56.1.2.2016,5.39,2800,3350,93.44490934
54,1,,D9AM,April2-2017,12,12.2.1.2015,5.61,2900,3710,74.57286432
54,2,,D9AM,April2-2017,12,12.2.1.2015,5.63,3950,4960,97.73399015
54,3,,D9AM,April2-2017,12,12.2.1.2015,5.57,4850,5910,103.3216783
55,1,,D9AM,April2-2017,12,12.2.1.2015.2,5.31,3300,4010,110.4683196
55,2,,D9AM,April2-2017,12,12.2.1.2015.2,5.26,4500,5460,119.3442623
55,3,,D9AM,April2-2017,12,12.2.1.2015.2,5.33,4000,4950,123.1343284
56,1,,D9AM,April2-2017,56,56.2.1.2016,5.25,3750,4680,118.1818182
56,2,,D9AM,April2-2017,56,56.2.1.2016,5.28,4200,5150,107.6280042
56,3,,D9AM,April2-2017,56,56.2.1.2016,5.37,3270,4380,121.8358832
57,1,,D9AM,April2-2017,52,52.1.2.2015,5.13,4840,6030,158.2677165
57,2,,D9AM,April2-2017,52,52.1.2.2015,5.11,3950,5210,162.5585023
57,3,,D9AM,April2-2017,52,52.1.2.2015,5.17,3800,5050,166.3920923
58,1,,D9AM,April2-2017,12,12.2.3.2015,5.29,7350,9550,181.5589354
58,2,,D9AM,April2-2017,12,12.2.3.2015,5.32,5010,6790,207.9632466
58,3,,D9AM,April2-2017,12,12.2.3.2015,5.2,7850,10310,202.3552502
59,1,,D9AM,April2-2017,56,56.2.0.2015,5.17,5550,7370,149.1902834
59,2,,D9AM,April2-2017,56,56.2.0.2015,5.15,6400,8900,197.9977753
59,3,,D9AM,April2-2017,56,56.2.0.2015,5.17,6600,9200,197.6369495
60,1,,D9AM,April2-2017,52,52.1.3.2015,5.29,5000,7300,231.7460317
60,2,,D9AM,April2-2017,52,52.1.3.2015,5.16,5800,8000,210.5263158
60,3,,D9AM,April2-2017,52,52.1.3.2015,5.2,5900,8500,252.2255193
61,1,,D9AM,April2-2017,52,52.1.0.2014,5.51,5500,7600,200.7926024
61,2,,D9AM,April2-2017,52,52.1.0.2014,5.5,6000,7500,178.5714286
61,3,,D9AM,April2-2017,52,52.1.0.2014,5.5,5800,8000,197.2872996
62,1,,D9AM,April2-2017,16,16.X.1.2016,5.25,4500,6800,238.178634
62,2,,D9AM,April2-2017,16,16.X.1.2016,5.21,5000,7400,137.4187558
63,1,,D9AM,April2-2017,56,56.1.0.2015,5.23,4800,6500,119.3755739
63,2,,D9AM,April2-2017,56,56.1.0.2015,5.12,6000,8300,200.2412545
63,3,,D9AM,April2-2017,56,56.1.0.2015,5.17,5800,8000,157.635468
64,1,,D9AM,April2-2017,16,16.X.2.2016,5.2,5200,7600,207.0844687
64,2,,D9AM,April2-2017,16,16.X.2.2016,5.24,6600,7800,176.0722348
64,3,,D9AM,April2-2017,16,16.X.2.2016,5.16,6000,8200,228.7308229
65,1,,D9AM,April2-2017,12,12.1.5.2016,5.18,6300,8400,211.0552764
65,2,,D9AM,April2-2017,12,12.1.5.2016,5.12,5800,7900,198.2434128
51,1,,D9PM,April2-2017,16,16.X.7.2016,6.12,2500,5000,127.388535
51,2,,D9PM,April2-2017,16,16.X.7.2016,6.09,2000,4000,89.58566629
51,3,,D9PM,April2-2017,16,16.X.7.2016,6.1,2000,4800,91.34157945
52,1,,D9PM,April2-2017,16,16.X.6.2016,6.11,2550,5200,80
52,2,,D9PM,April2-2017,16,16.X.6.2016,6.13,2000,4500,126.4044944
52,3,,D9PM,April2-2017,16,16.X.6.2016,6.2,2500,5000,162.3376623
53,1,,D9PM,April2-2017,56,56.1.2.2016,6.18,2500,5400,156.5217391
53,2,,D9PM,April2-2017,56,56.1.2.2016,6.09,3200,4550,126.3888889
54,1,,D9PM,April2-2017,12,12.2.1.2015,6.36,3000,4800,103.6717063
54,2,,D9PM,April2-2017,12,12.2.1.2015,6.24,2800,4550,93.81443299
54,3,,D9PM,April2-2017,12,12.2.1.2015,6.44,2500,5100,89.94708995
55,1,,D9PM,April2-2017,12,12.2.1.2015.2,6.41,2700,5400,102.8571429
55,2,,D9PM,April2-2017,12,12.2.1.2015.2,6.13,2000,4000,82.9015544
55,3,,D9PM,April2-2017,12,12.2.1.2015.2,6.29,2250,5000,116.1440186
56,1,,D9PM,April2-2017,56,56.2.1.2016,6.18,3000,4500,87.97653959
56,2,,D9PM,April2-2017,56,56.2.1.2016,6.14,2500,5200,122.6415094
57,1,,D9PM,April2-2017,52,52.1.2.2015,6.22,2800,5250,143.6388509
57,2,,D9PM,April2-2017,52,52.1.2.2015,6.18,2850,4050,85.44303797
57,3,,D9PM,April2-2017,52,52.1.2.2015,6.15,3100,4800,85.25754885
58,1,,D9PM,April2-2017,12,12.2.3.2015,6.16,2500,5000,88.33922261
58,2,,D9PM,April2-2017,12,12.2.3.2015,6.24,2000,4700,99.68186638
58,3,,D9PM,April2-2017,12,12.2.3.2015,6.28,3300,4600,106.7285383
59,1,,D9PM,April2-2017,56,56.2.0.2015,6.13,2500,5250,133.0798479
59,2,,D9PM,April2-2017,56,56.2.0.2015,6.05,2600,5050,106.8783069
59,3,,D9PM,April2-2017,56,56.2.0.2015,6.21,2100,4980,103.6420395
60,1,,D9PM,April2-2017,52,52.1.3.2015,6.09,3300,4000,106.9518717
60,2,,D9PM,April2-2017,52,52.1.3.2015,6.14,2250,4200,129.0322581
60,3,,D9PM,April2-2017,52,52.1.3.2015,6.08,3000,5000,107.2961373
61,1,,D9PM,April2-2017,52,52.1.0.2014,6.03,3100,4550,92.01213347
61,2,,D9PM,April2-2017,52,52.1.0.2014,6.26,2150,4050,96.08540925
61,3,,D9PM,April2-2017,52,52.1.0.2014,6.41,2500,5300,92.81961471
62,1,,D9PM,April2-2017,16,16.X.1.2016,6.32,2550,5000,131.4060447
62,2,,D9PM,April2-2017,16,16.X.1.2016,6.34,3200,4500,95.23809524
62,3,,D9PM,April2-2017,16,16.X.1.2016,6.27,3000,5100,97.32824427
63,1,,D9PM,April2-2017,56,56.1.0.2015,6.21,2200,5000,88.80994671
63,2,,D9PM,April2-2017,56,56.1.0.2015,6.4,2000,5300,103.1128405
63,3,,D9PM,April2-2017,56,56.1.0.2015,6.38,2600,4450,93.29140461
64,1,,D9PM,April2-2017,16,16.X.2.2016,6.14,2800,4800,104.5751634
64,2,,D9PM,April2-2017,16,16.X.2.2016,6.16,2950,5000,134.4086022
64,3,,D9PM,April2-2017,16,16.X.2.2016,6.42,3000,5250,117.9775281
65,1,,D9PM,April2-2017,12,12.1.5.2016,6.39,2150,4450,148.5809683
65,2,,D9PM,April2-2017,12,12.1.5.2016,6.21,2000,4400,123.943662
37,2,,D9PM,Apr-17,48,48.2.3.2015,6.26,270,730,21.62962963
37,3,,D9PM,Apr-17,48,48.2.3.2015,6.32,210,760,22.06095791
38,1,,D9PM,Apr-17,36,36.1.1.2016,6.26,260,710,31.62583519
38,2,,D9PM,Apr-17,36,36.1.1.2016,6.21,220,580,33.81924198
38,3,,D9PM,Apr-17,36,36.1.1.2016,6.22,200,430,21.7721519
39,1,,D9PM,Apr-17,48,48.1.1.2015,6.21,370,840,20.79207921
39,2,,D9PM,Apr-17,48,48.1.1.2015,6.27,250,620,20.22838499
39,3,,D9PM,Apr-17,48,48.1.1.2015,6.19,350,860,25.10948905
40,1,,D9PM,Apr-17,37,37.X.6.2015,6.14,370,790,25.07936508
40,2,,D9PM,Apr-17,37,37.X.6.2015,6.17,400,800,28.82882883
40,3,,D9PM,Apr-17,37,37.X.6.2015,6.36,220,670,18.35616438
41,1,,D9PM,Apr-17,36,36.1.5.2016,6.05,530,1010,28.61189802
41,2,,D9PM,Apr-17,36,36.1.5.2016,6.07,460,920,28.438949
41,3,,D9PM,Apr-17,36,36.1.5.2016,6.08,610,1200,26.84563758
43,1,,D9PM,Apr-17,53,53.2.5.2015,6.17,380,900,24.72527473
43,2,,D9PM,Apr-17,53,53.2.5.2015,6.1,360,760,27.88990826
43,3,,D9PM,Apr-17,53,53.2.5.2015,6.1,320,720,26.37362637
44,1,,D9PM,Apr-17,53,53.2.1.2015,6.04,390,760,25
44,2,,D9PM,Apr-17,53,53.2.1.2015,6.13,400,840,27.40619902
44,3,,D9PM,Apr-17,53,53.2.1.2015,6.02,510,950,29.41176471
45,1,,D9PM,Apr-17,37,37.X.1.2015,5.96,760,1310,40.06116208
45,2,,D9PM,Apr-17,37,37.X.1.2015,6.2,380,910,26.72540382
45,3,,D9PM,Apr-17,37,37.X.1.2015,6.55,,300,8.658008658
46,1,,D9PM,Apr-17,48,48.2.0.2014,6.46,50,380,10.6741573
46,2,,D9PM,Apr-17,48,48.2.0.2014,6.52,,250,6.830601093
46,3,,D9PM,Apr-17,48,48.2.0.2014,6.35,400,1000,31.00775194
47,1,,D9PM,Apr-17,37,37.X.7.2015,6.34,250,750,23.77179081
47,2,,D9PM,Apr-17,37,37.X.7.2015,6.35,200,600,19.10828025
47,3,,D9PM,Apr-17,37,37.X.7.2015,6.39,150,550,17.05426357
48,1,,D9PM,Apr-17,53,53.2.3.2015,6.33,250,750,24.83443709
48,2,,D9PM,Apr-17,53,53.2.3.2015,6.34,250,700,19.60784314
48,3,,D9PM,Apr-17,53,53.2.3.2015,6.36,200,800,25.1572327
49,1,,D9PM,Apr-17,37,37.X.8.2015,6.83,,150,3.405221339
49,2,,D9PM,Apr-17,37,37.X.8.2015,6.77,,175,5.591054313
49,3,,D9PM,Apr-17,37,37.X.8.2015,6.58,,200,5.970149254
50,1,,D9PM,Apr-17,48,48.2.1.2015,6.54,,210,5.217391304
50,2,,D9PM,Apr-17,48,48.2.1.2015,6.6,,300,8.321775312
50,3,,D9PM,Apr-17,48,48.2.1.2015,6.55,,350,9.35828877
35,1,,D9AM,Apr-17,53,53.2.2.2105,5.28,5200,7200,196.7213115
35,2,,D9AM,Apr-17,53,53.2.2.2105,5.36,5000,6000,202.3608769
35,3,,D9AM,Apr-17,53,53.2.2.2105,5.27,7500,8500,206.8126521
37,1,,D9AM,Apr-17,48,48.2.3.2015,5.4,5500,6500,221.8430034
37,2,,D9AM,Apr-17,48,48.2.3.2015,5.37,4000,5000,146.8428781
37,3,,D9AM,Apr-17,48,48.2.3.2015,5.42,4200,5500,149.4565217
38,1,,D9AM,Apr-17,36,36.1.1.2016,5.39,5000,6000,206.185567
38,2,,D9AM,Apr-17,36,36.1.1.2016,5.56,3000,3200,101.4263074
38,3,,D9AM,Apr-17,36,36.1.1.2016,5.59,2500,3500,102.189781
39,1,,D9AM,Apr-17,48,48.1.1.2015,5.53,3000,3800,120.6349206
39,2,,D9AM,Apr-17,48,48.1.1.2015,5.29,3800,4400,148.3979764
39,3,,D9AM,Apr-17,48,48.1.1.2015,5.5,3200,3850,105.7692308
40,1,,D9AM,Apr-17,37,37.X.6.2015,5.48,2500,3200,97.85932722
40,2,,D9AM,Apr-17,37,37.X.6.2015,5.53,3000,4000,127.1860095
40,3,,D9AM,Apr-17,37,37.X.6.2015,5.5,2800,3200,39.72687772
41,1,,D9AM,Apr-17,36,36.1.5.2016,5.46,3000,3300,54.27631579
41,2,,D9AM,Apr-17,36,36.1.5.2016,5.72,2500,3000,55.50416281
41,3,,D9AM,Apr-17,36,36.1.5.2016,5.38,2900,3200,73.56321839
43,1,,D9AM,Apr-17,53,53.2.5.2015,5.44,4000,4150,108.9238845
43,2,,D9AM,Apr-17,53,53.2.5.2015,5.41,3850,4450,135.4642314
43,3,,D9AM,Apr-17,53,53.2.5.2015,5.54,3200,3900,121.3063764
44,1,,D9AM,Apr-17,53,53.2.1.2015,5.53,3000,3550,110.0775194
44,2,,D9AM,Apr-17,53,53.2.1.2015,5.82,2950,3250,97.15994021
44,3,,D9AM,Apr-17,53,53.2.1.2015,5.73,2600,3000,77.61966365
45,1,,D9AM,Apr-17,37,37.X.1.2015,5.56,2800,3300,99.6978852
45,2,,D9AM,Apr-17,37,37.X.1.2015,5.54,3500,4000,149.8127341
45,3,,D9AM,Apr-17,37,37.X.1.2015,5.64,3000,4000,151.5151515
46,1,,D9AM,Apr-17,48,48.2.0.2014,5.72,2500,3000,95.08716323
46,2,,D9AM,Apr-17,48,48.2.0.2014,5.38,3000,3800,102.0134228
46,3,,D9AM,Apr-17,48,48.2.0.2014,5.4,3000,3800,101.4686248
47,1,,D9AM,Apr-17,37,37.X.7.2015,5.45,2800,3400,108.974359
47,2,,D9AM,Apr-17,37,37.X.7.2015,5.62,2900,3200,100.3134796
47,3,,D9AM,Apr-17,37,37.X.7.2015,5.39,3500,4000,101.3941698
48,1,,D9AM,Apr-17,53,53.2.3.2015,5.53,3500,4200,154.9815498
48,2,,D9AM,Apr-17,53,53.2.3.2015,5.51,3200,3900,137.0826011
48,3,,D9AM,Apr-17,53,53.2.3.2015,5.6,3000,3800,145.0381679
49,1,,D9AM,Apr-17,37,37.X.8.2015,5.48,2300,3200,120.3007519
49,2,,D9AM,Apr-17,37,37.X.8.2015,5.54,3500,4400,141.7069243
49,3,,D9AM,Apr-17,37,37.X.8.2015,5.45,3400,4200,128.440367
50,1,,D9AM,Apr-17,48,48.2.1.2015,5.42,3200,3900,87.34602464
50,2,,D9AM,Apr-17,48,48.2.1.2015,5.51,2900,3600,112.324493
50,3,,D9AM,Apr-17,48,48.2.1.2015,5.53,3500,4000,102.3017903
31,1,,D9AM,Feb-17,43,43.2.3.2015,5.15,4605,5805,136.9103774
31,2,,D9AM,Feb-17,43,43.2.3.2015,5.17,4030,5030,136.3143631
31,3,,D9AM,Feb-17,43,43.2.3.2015,5.12,3500,4400,138.5826772
32,1,,D9AM,Feb-17,43,43.1.1.2015,5.31,3000,3800,99.21671018
32,2,,D9AM,Feb-17,43,43.1.1.2015,5.25,2600,3400,116.4383562
32,3,,D9AM,Feb-17,43,43.1.1.2015,5.22,4000,5100,121.2841855
33,1,,D9AM,Feb-17,43,43.2.4.2015,5.27,2300,3000,178.041543
33,2,,D9AM,Feb-17,43,43.2.4.2015,5.16,4450,5750,167.8832117
33,3,,D9AM,Feb-17,43,43.2.4.2015,5.19,4550,5800,156.9688769
34,1,,D9AM,Feb-17,43,43.2.1.2015,5.16,3250,4250,128.983308
34,2,,D9AM,Feb-17,43,43.2.1.2015,5.22,2075,2900,100.5199307
34,3,,D9AM,Feb-17,43,43.2.1.2015,5.15,3450,4600,154.1038526
31,1,,D9PM,Feb-17,43,43.2.3.2015,6.25,400,1000,33.22259136
31,2,,D9PM,Feb-17,43,43.2.3.2015,6.27,380,1100,27.74274905
31,3,,D9PM,Feb-17,43,43.2.3.2015,6.17,450,1230,29.49640288
32,1,,D9PM,Feb-17,43,43.1.1.2015,6.16,500,980,30.3875969
32,2,,D9PM,Feb-17,43,43.1.1.2015,6.05,405,835,32.68101761
32,3,,D9PM,Feb-17,43,43.1.1.2015,6.07,380,790,33.97849462
33,1,,D9PM,Feb-17,43,43.2.4.2015,6.06,545,1095,29.67479675
33,2,,D9PM,Feb-17,43,43.2.4.2015,6.02,400,870,27.57527734
33,3,,D9PM,Feb-17,43,43.2.4.2015,6.03,475,875,25.88757396
34,1,,D9PM,Feb-17,43,43.2.1.2015,6.09,370,770,27.40213523
34,2,,D9PM,Feb-17,43,43.2.1.2015,6.17,450,1005,28.96253602
34,3,,D9PM,Feb-17,43,43.2.1.2015,6.19,350,810,24.84662577
17,1,,D9AM,Nov-16,46,46.1.0,5.33,5100,8975,235.5643045
17,2,,D9AM,Nov-16,46,46.1.0,5.33,6975,12375,227.4816176
17,3,,D9AM,Nov-16,46,46.1.0,5.33,6900,11900,213.0707252
18,1,,D9AM,Nov-16,Eudy3,Eudy3,5.41,2750,3500,96.81881051
18,2,,D9AM,Nov-16,Eudy3,Eudy3,5.25,3100,3825,94.32799014
18,3,,D9AM,Nov-16,Eudy3,Eudy3,5.39,2275,3025,85.33145275
19,1,,D9AM,Nov-16,15,15.2.1.201X,5.17,3750,4675,112.7864897
19,2,,D9AM,Nov-16,15,15.2.1.201X,5.1,3775,4625,130.6497175
19,3,,D9AM,Nov-16,15,15.2.1.201X,5.3,3250,4330,116.3978495
20,1,,D9AM,Nov-16,15,15.1.1.201X,5.29,2525,3755,85.34090909
20,2,,D9AM,Nov-16,15,15.1.1.201X,5.26,3100,4005,100.8816121
20,3,,D9AM,Nov-16,15,15.1.1.201X,5.27,4900,6700,122.2627737
21,1,,D9AM,Nov-16,Eudy1,Eudy1,5.21,3750,4950,134.8773842
21,2,,D9AM,Nov-16,Eudy1,Eudy1,5.28,3750,5050,106.9915254
21,3,,D9AM,Nov-16,Eudy1,Eudy1,5.3,3800,5600,103.7037037
22,1,,D9AM,Nov-16,15,15.2.2.201X,5.44,3900,5750,130.0904977
22,2,,D9AM,Nov-16,15,15.2.2.201X,5.42,4650,6750,142.7061311
22,3,,D9AM,Nov-16,15,15.2.2.201X,5.38,3800,5600,138.2716049
23,1,,D9AM,Nov-16,46,46.1.2.2015,5.38,3200,5750,177.4691358
23,2,,D9AM,Nov-16,46,46.1.2.2015,5.29,3000,4850,161.3976705
23,3,,D9AM,Nov-16,46,46.1.2.2015,5.33,2600,4800,152.6232114
24,1,,D9AM,Nov-16,20,20.2.4.2015,5.24,3650,4325,99.42528736
24,2,,D9AM,Nov-16,20,20.2.4.2015,5.11,9800,17200,407.5829384
24,3,,D9AM,Nov-16,20,20.2.4.2015,5.25,3900,4560,97.0212766
25,1,,D9AM,Nov-16,Eudy4,Eudy4,5.33,4200,6000,126.3157895
25,2,,D9AM,Nov-16,Eudy4,Eudy4,5.24,4450,6350,133.5436383
25,3,,D9AM,Nov-16,Eudy4,Eudy4,5.23,4050,5850,148.6658196
26,1,,D9AM,Nov-16,20,20.2.5.2015,5.08,10200,18200,407.1588367
26,2,,D9AM,Nov-16,20,20.2.5.2015,5.06,8000,14700,415.8415842
26,3,,D9AM,Nov-16,20,20.2.5.2015,5.12,6930,7925,142.6642664
27,1,,D9AM,Nov-16,20,20.2.3.2015,5.09,4600,5300,136.5979381
27,2,,D9AM,Nov-16,20,20.2.3.2015,5.11,5675,6470,149.078341
27,3,,D9AM,Nov-16,20,20.2.3.2015,5.08,11200,20000,399.2015968
28,1,,D9AM,Nov-16,Eudy2,Eudy2,5.25,2975,4350,181.6283925
28,2,,D9AM,Nov-16,Eudy2,Eudy2,5.18,4575,6675,170.2806122
28,3,,D9AM,Nov-16,Eudy2,Eudy2,5.18,4500,6675,174.5098039
29,1,,D9AM,Nov-16,20,20.2.1.2015,5.05,13000,23200,401.7316017
29,2,,D9AM,Nov-16,20,20.2.1.2015,6.38,100,350,6.842619746
29,3,,D9AM,Nov-16,20,20.2.1.2015,6.12,550,820,20.78580482
30,1,,D9AM,Nov-16,46,46.1.1.2015,6.29,230,400,12.17656012
30,2,,D9AM,Nov-16,46,46.1.1.2015,6.36,210,500,12.01923077
30,3,,D9AM,Nov-16,46,46.1.1.2015,5.89,780,950,22.24824356
17,1,,D9PM,Nov-16,46,46.1.0,5.31,,1450,35.84672435
17,2,,D9PM,Nov-16,46,46.1.0,5.78,685,1035,28.43406593
17,3,,D9PM,Nov-16,46,46.1.0,6.06,500,1180,30.60959792
18,1,,D9PM,Nov-16,Eudy3,Eudy3,6.09,435,1040,21.57676349
18,2,,D9PM,Nov-16,Eudy3,Eudy3,5.94,950,1500,23.00613497
18,3,,D9PM,Nov-16,Eudy3,Eudy3,5.93,660,1160,27.95180723
19,1,,D9PM,Nov-16,15,15.2.1.201X,5.73,1220,1830,42.36111111
19,2,,D9PM,Nov-16,15,15.2.1.201X,5.94,920,1480,25.17006803
19,3,,D9PM,Nov-16,15,15.2.1.201X,6.07,910,2035,55.52523874
20,1,,D9PM,Nov-16,15,15.1.1.201X,5.84,1350,2850,67.05882353
20,2,,D9PM,Nov-16,15,15.1.1.201X,5.83,1025,1955,50.32175032
20,3,,D9PM,Nov-16,15,15.1.1.201X,5084,1055,2035,51.00250627
21,1,,D9PM,Nov-16,Eudy1,Eudy1,5.99,755,1585,40.74550129
21,2,,D9PM,Nov-16,Eudy1,Eudy1,6.05,825,1930,48.43161857
21,3,,D9PM,Nov-16,Eudy1,Eudy1,6.06,750,1595,38.90243902
22,1,,D9PM,Nov-16,15,15.2.2.201X,5.99,1575,3475,68.81188119
22,2,,D9PM,Nov-16,15,15.2.2.201X,5.91,1535,2510,43.61424848
22,3,,D9PM,Nov-16,15,15.2.2.201X,5.87,1600,2500,40.55150041
23,1,,D9PM,Nov-16,46,46.1.2.2015,6,875,2025,59.03790087
23,2,,D9PM,Nov-16,46,46.1.2.2015,5.93,925,2050,65.6
23,3,,D9PM,Nov-16,46,46.1.2.2015,6.13,800,1800,47.87234043
24,1,,D9PM,Nov-16,20,20.2.4.2015,6.1,700,1750,46.48074369
24,2,,D9PM,Nov-16,20,20.2.4.2015,6.13,600,1500,42.97994269
24,3,,D9PM,Nov-16,20,20.2.4.2015,6.15,500,1400,37.73584906
25,1,,D9PM,Nov-16,Eudy4,Eudy4,6.06,505,1025,22.55225523
25,2,,D9PM,Nov-16,Eudy4,Eudy4,6.11,450,900,22.16748768
25,3,,D9PM,Nov-16,Eudy4,Eudy4,6.01,575,1075,27.77777778
26,1,,D9PM,Nov-16,20,20.2.5.2015,6.11,725,2100,52.56570713
26,2,,D9PM,Nov-16,20,20.2.5.2015,6.13,775,2135,50.83333333
26,3,,D9PM,Nov-16,20,20.2.5.2015,6.2,605,1870,48.88888889
27,1,,D9PM,Nov-16,20,20.2.3.2015,6.26,700,2440,49.14400806
27,2,,D9PM,Nov-16,20,20.2.3.2015,6.19,1000,2800,53.28258801
27,3,,D9PM,Nov-16,20,20.2.3.2015,6.24,850,2600,47.10144928
28,1,,D9PM,Nov-16,Eudy2,Eudy2,6.07,400,720,18.55670103
28,2,,D9PM,Nov-16,Eudy2,Eudy2,6.04,495,945,22.71634615
28,3,,D9PM,Nov-16,Eudy2,Eudy2,5.99,495,900,22.95918367
29,1,,D9PM,Nov-16,20,20.2.1.2015,6.11,700,2000,54.42176871
29,2,,D9PM,Nov-16,20,20.2.1.2015,6.17,700,2000,51.21638924
29,3,,D9PM,Nov-16,20,20.2.1.2015,6.2,800,2200,44
30,1,,D9PM,Nov-16,46,46.1.1.2015,5.96,850,1850,51.74825175
30,2,,D9PM,Nov-16,46,46.1.1.2015,5.98,875,2250,57.84061697
30,3,,D9PM,Nov-16,46,46.1.1.2015,6,1000,2475,57.96252927
66,1,,D9AM,Aug-17,61,61.1.3.2016,5.84,2100,4330,152.1968366
66,2,,D9AM,Aug-17,61,61.1.3.2016,5.86,2200,4900,124.6819338
66,3,,D9AM,Aug-17,61,61.1.3.2016,5.8,3200,6150,151.2915129
67,1,,D9AM,Aug-17,61,61.2.0.2015,5.78,4400,7900,131.4475874
67,2,,D9AM,Aug-17,61,61.2.0.2015,3.62,3050,6900,133.2046332
67,3,,D9AM,Aug-17,61,61.2.0.2015,5.64,5350,9700,155.4487179
68,1,,D9AM,Aug-17,70,70.1.2.2016,5.87,4100,7700,176.4032073
68,2,,D9AM,Aug-17,70,70.1.2.2016,5.76,2450,4750,176.5799257
68,3,,D9AM,Aug-17,70,70.1.2.2016,5.71,2400,4450,182.00409
69,1,,D9AM,Aug-17,55,55.2.0.2015,5.72,3350,6400,140.5049396
69,2,,D9AM,Aug-17,55,55.2.0.2015,5.75,3260,6040,135.5780022
69,3,,D9AM,Aug-17,55,55.2.0.2015,5.88,3000,6000,129.1711518
70,1,,D9AM,Aug-17,70,70.1.3.2016,5.78,2300,4575,132.994186
70,2,,D9AM,Aug-17,70,70.1.3.2016,5.72,1950,3700,122.3140496
70,3,,D9AM,Aug-17,70,70.1.3.2016,5.85,,,0
71,1,,D9AM,Aug-17,70,70.1.0.2015,5.62,3350,6125,181.2130178
71,2,,D9AM,Aug-17,70,70.1.0.2015,5.62,2300,3250,92.72467903
71,3,,D9AM,Aug-17,70,70.1.0.2015,5.76,3050,5950,155.1499348
72,1,,D9AM,Aug-17,51,51.1.2.2015,5.71,2250,3200,118.9591078
72,2,,D9AM,Aug-17,51,51.1.2.2015,5.67,3400,6400,207.1197411
72,3,,D9AM,Aug-17,51,51.1.2.2015,5.63,4000,7275,204.0673212
73,1,,D9AM,Aug-17,51,51.1.3.2015,5.75,3370,4840,117.9049939
73,2,,D9AM,Aug-17,51,51.1.3.2015,5.66,2910,4010,127.3015873
73,3,,D9AM,Aug-17,51,51.1.3.2015,5.62,2650,3950,114.992722
74,1,,D9AM,Aug-17,61,61.2.2.2016,5.8,,,0
74,2,,D9AM,Aug-17,61,61.2.2.2016,5.69,2130,3230,84.44444444
74,3,,D9AM,Aug-17,61,61.2.2.2016,5.81,3600,5100,105.6994819
75,1,,D9AM,Aug-17,55,55.2.1.2016,5.79,1500,2310,90.234375
75,2,,D9AM,Aug-17,55,55.2.1.2016,5.8,1650,2450,99.1902834
75,3,,D9AM,Aug-17,55,55.2.1.2016,5.74,2750,5250,147.6793249
76,1,,D9AM,Aug-17,55,55.2.2.2016,6.16,1300,3750,83.61204013
76,2,,D9AM,Aug-17,55,55.2.2.2016,6.02,1350,2450,60.34482759
76,3,,D9AM,Aug-17,55,55.2.2.2016,6.18,1150,3550,87.65432099
77,1,,D9AM,Aug-17,51,51.2.2.2015,5.56,2600,4850,180.9701493
77,2,,D9AM,Aug-17,51,51.2.2.2015,5.71,2750,5150,173.1092437
77,3,,D9AM,Aug-17,51,51.2.2.2015,5.82,2800,5500,156.9186876
78,1,,D9AM,Aug-17,51,51.1.0.2014,6.24,850,2850,93.75
78,2,,D9AM,Aug-17,51,51.1.0.2014,6.22,1000,3085,90.33674963
78,3,,D9AM,Aug-17,51,51.1.0.2014,6.25,950,3150,95.74468085
66,1,,D9PM,Aug-17,61,61.1.3.2016,6.51,,850,20.53140097
66,2,,D9PM,Aug-17,61,61.1.3.2016,6.47,70,770,21.93732194
66,3,,D9PM,Aug-17,61,61.1.3.2016,6.69,,580,18.38351823
67,1,,D9PM,Aug-17,61,61.2.0.2015,6.53,,1125,20.98880597
67,2,,D9PM,Aug-17,61,61.2.0.2015,6.5,,990,18.96551724
67,3,,D9PM,Aug-17,61,61.2.0.2015,6.49,,1130,19.03959562
68,1,,D9PM,Aug-17,70,70.1.2.2016,6.54,,600,34.58213256
68,2,,D9PM,Aug-17,70,70.1.2.2016,6.51,,975,27.85714286
68,3,,D9PM,Aug-17,70,70.1.2.2016,6.59,,630,23.63977486
69,1,,D9PM,Aug-17,55,55.2.0.2015,6.53,,1150,21.00456621
69,2,,D9PM,Aug-17,55,55.2.0.2015,6.54,,922,19.12863071
69,3,,D9PM,Aug-17,55,55.2.0.2015,6.5,,750,36.31961259
70,1,,D9PM,Aug-17,70,70.1.3.2016,6.53,,900,24.12868633
70,2,,D9PM,Aug-17,70,70.1.3.2016,6.46,100,880,27.80410742
70,3,,D9PM,Aug-17,70,70.1.3.2016,6.63,,800,22.00825309
71,1,,D9PM,Aug-17,70,70.1.0.2015,6.38,235,1220,27.02104097
71,2,,D9PM,Aug-17,70,70.1.0.2015,6.43,180,1280,23.92523364
71,3,,D9PM,Aug-17,70,70.1.0.2015,6.41,180,1330,28.11839323
72,1,,D9PM,Aug-17,51,51.1.2.2015,6.56,,685,19.54350927
72,2,,D9PM,Aug-17,51,51.1.2.2015,6.53,,775,25.74750831
72,3,,D9PM,Aug-17,51,51.1.2.2015,6.52,,700,27.23735409
73,1,,D9PM,Aug-17,51,51.1.3.2015,6.62,,525,19.55307263
73,2,,D9PM,Aug-17,51,51.1.3.2015,6.44,,800,22.47191011
73,3,,D9PM,Aug-17,51,51.1.3.2015,6.6,,860,19.65714286
74,1,,D9PM,Aug-17,61,61.2.2.2016,6.37,200,900,29.60526316
74,2,,D9PM,Aug-17,61,61.2.2.2016,6.37,200,975,24.52830189
74,3,,D9PM,Aug-17,61,61.2.2.2016,6.45,110,1170,31.49394347
75,1,,D9PM,Aug-17,55,55.2.1.2016,6.55,,925,26.8115942
75,2,,D9PM,Aug-17,55,55.2.1.2016,6.51,,1000,26.24671916
75,3,,D9PM,Aug-17,55,55.2.1.2016,6.51,,1000,26.42007926
76,1,,D9PM,Aug-17,55,55.2.2.2016,6.52,,1400,28.74743326
76,2,,D9PM,Aug-17,55,55.2.2.2016,6.55,,975,23.1316726
76,3,,D9PM,Aug-17,55,55.2.2.2016,6.63,,1030,21.70706006
77,1,,D9PM,Aug-17,51,51.2.2.2015,6.48,50,925,22.75522755
77,2,,D9PM,Aug-17,51,51.2.2.2015,6.47,65,740,32.17391304
77,3,,D9PM,Aug-17,51,51.2.2.2015,6.62,,,
78,1,,D9PM,Aug-17,51,51.1.0.2014,6.43,150,1525,33.44298246
78,2,,D9PM,Aug-17,51,51.1.0.2014,6.61,,710,25
78,3,,D9PM,Aug-17,51,51.1.0.2014,6.52,,1070,28.15789474
1,1,,D9PM,Sep-16,G,G.0.1.2015,6.02,700,1300,26.99896158
1,2,,D9PM,Sep-16,G,G.0.1.2015,6.1,550,1350,34.22053232
1,3,,D9PM,Sep-16,G,G.0.1.2015,6.04,600,1200,28.74251497
2,1,,D9PM,Sep-16,19,19.2.2.2015,4.97,3800,5250,113.1465517
2,2,,D9PM,Sep-16,19,19.2.2.2015,5.21,2100,3600,78.77461707
2,3,,D9PM,Sep-16,19,19.2.2.2015,5.63,2200,4200,109.6605744
3,1,,D9PM,Sep-16,13,13.1.3.2016,6.2,460,1060,23.1441048
3,2,,D9PM,Sep-16,13,13.1.3.2016,6.15,500,1100,26.69902913
3,3,,D9PM,Sep-16,13,13.1.3.2016,6.09,750,1550,35.38812785
4,1,,D9PM,Sep-16,45,45.1.0.2015,5.89,1280,2200,46.90831557
4,2,,D9PM,Sep-16,45,45.1.0.2015,5.97,1250,2300,60.13071895
4,3,,D9PM,Sep-16,45,45.1.0.2015,5.84,1200,2000,47.00352526
5,1,,D9PM,Sep-16,13,13.2.1.201X,6,700,1200,25.53191489
5,2,,D9PM,Sep-16,13,13.2.1.201X,6.15,500,1200,24.43991853
5,3,,D9PM,Sep-16,13,13.2.1.201X,6.07,650,1350,31.65298945
6,1,,D9PM,Sep-16,G,G.0.3.2015,6.24,475,1050,28.68852459
6,2,,D9PM,Sep-16,G,G.0.3.2015,6.05,475,1000,28.94356006
6,3,,D9PM,Sep-16,G,G.0.3.2015,6.13,500,1075,27.81371281
7,1,,D9PM,Sep-16,45,45.2.3.2015,6.01,800,1425,39.25619835
7,2,,D9PM,Sep-16,45,45.2.3.2015,6.03,900,1650,41.14713217
7,3,,D9PM,Sep-16,45,45.2.3.2015,6.04,875,1600,42.38410596
8,1,,D9PM,Sep-16,19,19.2.3.2015,5.65,2000,3725,106.5808298
8,2,,D9PM,Sep-16,19,19.2.3.2015,5.67,2550,6600,186.440678
8,3,,D9PM,Sep-16,19,19.2.3.2015,5.12,4600,6200,178.4172662
9,1,,D9PM,Sep-16,19,19.1.1.201X,5.97,875,1425,23.49546579
9,2,,D9PM,Sep-16,19,19.1.1.201X,5.93,2300,6300,121.5043394
9,3,,D9PM,Sep-16,19,19.1.1.201X,5.97,1400,4500,101.4656144
10,1,,D9PM,Sep-16,45,45.2.0.2015,5.71,1275,2025,63.88012618
10,2,,D9PM,Sep-16,45,45.2.0.2015,5.81,1200,1925,49.61340206
10,3,,D9PM,Sep-16,45,45.2.0.2015,5.73,1175,1750,57.47126437
11,1,,D9PM,Sep-16,G,G.0.0.2013,5.93,700,1200,31.04786546
11,2,,D9PM,Sep-16,G,G.0.0.2013,5.95,570,1145,35.28505393
11,3,,D9PM,Sep-16,G,G.0.0.2013,5.89,575,1070,34.1307815
12,1,,D9PM,Sep-16,19,19.2.1.201X,6,2000,5500,87.85942492
12,2,,D9PM,Sep-16,19,19.2.1.201X,5.98,1700,5000,103.626943
12,3,,D9PM,Sep-16,19,19.2.1.201X,6.02,1350,4300,103.6144578
13,1,,D9PM,Sep-16,13,13.1.2.2016,6.06,875,1695,36.76789588
13,2,,D9PM,Sep-16,13,13.1.2.2016,6.07,700,1400,36.79369251
13,3,,D9PM,Sep-16,13,13.1.2.2016,6.02,820,1620,43.66576819
14,1,,D9PM,Sep-16,13,13.1.4.2016,6.07,900,2000,44.29678848
14,2,,D9PM,Sep-16,13,13.1.4.2016,5.81,1050,1980,40.36697248
14,3,,D9PM,Sep-16,13,13.1.4.2016,5.89,1020,1770,54.04580153
15,1,,D9PM,Sep-16,45,45.1.1.2015,5.86,625,1100,32.02328967
15,2,,D9PM,Sep-16,45,45.1.1.2015,5.84,550,950,27.81844802
15,3,,D9PM,Sep-16,45,45.1.1.2015,5.84,600,1150,29.26208651
16,1,,D9PM,Sep-16,G,G.0.2.2015,5.98,800,1550,35.18728717
16,2,,D9PM,Sep-16,G,G.0.2.2015,5.99,600,1200,32.30148048
16,3,,D9PM,Sep-16,G,G.0.2.2015,5.95,600,1075,31.38686131
1,1,,D9AM,Sep-16,G,G.0.1.2015,5.68,2750,3950,92.39766082
1,2,,D9AM,Sep-16,G,G.0.1.2015,5.42,2650,3500,91.02730819
1,3,,D9AM,Sep-16,G,G.0.1.2015,5.51,3300,4375,104.1666667
2,1,,D9AM,Sep-16,19,19.2.2.2015,4.97,8600,16200,330.9499489
2,2,,D9AM,Sep-16,19,19.2.2.2015,5.23,5100,9500,267.9830748
2,3,,D9AM,Sep-16,19,19.2.2.2015,5.05,8200,15100,305.0505051
3,1,,D9AM,Sep-16,13,13.1.3.2016,5.52,2500,3300,77.92207792
3,2,,D9AM,Sep-16,13,13.1.3.2016,5.54,2300,3150,83.44370861
3,3,,D9AM,Sep-16,13,13.1.3.2016,5.62,2250,3100,83.10991957
4,1,,D9AM,Sep-16,45,45.1.0.2015,5.64,2480,3430,87.27735369
4,2,,D9AM,Sep-16,45,45.1.0.2015,5.68,2440,3490,82.40850059
4,3,,D9AM,Sep-16,45,45.1.0.2015,5.61,2750,3500,93.95973154
5,1,,D9AM,Sep-16,13,13.2.1.201X,5.57,2050,2750,84.09785933
5,2,,D9AM,Sep-16,13,13.2.1.201X,5.55,2250,3200,93.29446064
5,3,,D9AM,Sep-16,13,13.2.1.201X,5.49,2000,2800,85.49618321
6,1,,D9AM,Sep-16,G,G.0.3.2015,5.23,4050,5555,158.2621083
6,2,,D9AM,Sep-16,G,G.0.3.2015,5.31,4750,6500,163.7279597
6,3,,D9AM,Sep-16,G,G.0.3.2015,5.29,4470,6145,164.5247657
7,1,,D9AM,Sep-16,45,45.2.3.2015,5.51,2950,4325,92.8111588
7,2,,D9AM,Sep-16,45,45.2.3.2015,5.567,2295,3600,94.11764706
7,3,,D9AM,Sep-16,45,45.2.3.2015,-,-,-,#VALUE!
8,1,,D9AM,Sep-16,19,19.2.3.2015,5.34,3100,3700,91.81141439
8,2,,D9AM,Sep-16,19,19.2.3.2015,5.33,2725,3225,89.21161826
8,3,,D9AM,Sep-16,19,19.2.3.2015,5.43,2400,3850,112.9032258
9,1,,D9AM,Sep-16,19,19.1.1.201X,5.3,3600,4250,78.99628253
9,2,,D9AM,Sep-16,19,19.1.1.201X,5.27,3750,4500,87.29388943
9,3,,D9AM,Sep-16,19,19.1.1.201X,5.03,3700,4300,107.7694236
10,1,,D9AM,Sep-16,45,45.2.0.2015,5.43,3150,4425,113.4615385
10,2,,D9AM,Sep-16,45,45.2.0.2015,5.72,3150,3725,65.17935258
10,3,,D9AM,Sep-16,45,45.2.0.2015,5.52,3395,4945,118.8701923
11,1,,D9AM,Sep-16,G,G.0.0.2013,5.18,6300,7875,162.7066116
11,2,,D9AM,Sep-16,G,G.0.0.2013,5.24,3325,4600,165.7657658
11,3,,D9AM,Sep-16,G,G.0.0.2013,5.09,4500,6350,201.2678288
12,1,,D9AM,Sep-16,19,19.2.1.201X,5.45,1800,2400,91.25475285
12,2,,D9AM,Sep-16,19,19.2.1.201X,5.28,3200,3775,94.02241594
12,3,,D9AM,Sep-16,19,19.2.1.201X,5.32,3500,4200,109.6605744
13,1,,D9AM,Sep-16,13,13.1.2.2016,5.21,4800,6400,233.5766423
13,2,,D9AM,Sep-16,13,13.1.2.2016,5.41,3850,5650,163.0591631
13,3,,D9AM,Sep-16,13,13.1.2.2016,5.34,2000,4200,114.7540984
14,1,,D9AM,Sep-16,13,13.1.4.2016,5.22,2400,3550,122.6252159
14,2,,D9AM,Sep-16,13,13.1.4.2016,5.27,2275,3475,101.6081871
14,3,,D9AM,Sep-16,13,13.1.4.2016,5.47,2850,4450,120.7598372
15,1,,D9AM,Sep-16,45,45.1.1.2015,5.43,3600,5075,123.9316239
15,2,,D9AM,Sep-16,45,45.1.1.2015,5.42,3525,5125,130.9067688
15,3,,D9AM,Sep-16,45,45.1.1.2015,5.42,3775,5675,142.0525657
16,1,,D9AM,Sep-16,G,G.0.2.2015,5.27,4950,7100,168.8466112
16,2,,D9AM,Sep-16,G,G.0.2.2015,5.17,4600,6700,171.574904
16,3,,D9AM,Sep-16,G,G.0.2.2015,5.24,4900,7300,179.5817958
101,1,,D9AM,Apr-16,1AB,1AB.2.1.2013,5.54,2250,2800,62.78026906
101,2,,D9AM,Apr-16,1AB,1AB.2.1.2013,5.59,2750,3450,50.81001473
101,3,,D9AM,Apr-16,1AB,1AB.2.1.2013,5.65,2000,2500,53.24813632
102,1,,D9AM,Apr-16,18,18.2.3.2015,5.63,1370,1745,47.87379973
102,2,,D9AM,Apr-16,18,18.2.3.2015,5.7,1030,1380,46.23115578
102,3,,D9AM,Apr-16,18,18.2.3.2015,5.59,1220,1595,46.84287812
103,1,,D9AM,Apr-16,2AB,2AB.1.2.2013,5.55,2000,2475,54.5755237
103,2,,D9AM,Apr-16,2AB,2AB.1.2.2013,5.57,2650,3275,54.72013367
103,3,,D9AM,Apr-16,2AB,2AB.1.2.2013,5.6,2000,2400,52.00433369
104,1,,D9AM,Apr-16,1AB,1AB.1.1.2013,5.53,2100,2700,57.7540107
104,2,,D9AM,Apr-16,1AB,1AB.1.1.2013,5.63,2020,2620,51.57480315
104,3,,D9AM,Apr-16,1AB,1AB.1.1.2013,5.61,2320,3000,54.49591281
106,1,,D9AM,Apr-16,18,18.2.4.2015,5.81,1110,1560,32.29813665
106,2,,D9AM,Apr-16,18,18.2.4.2015,5.86,905,1295,35.87257618
106,3,,D9AM,Apr-16,18,18.2.4.2015,5.99,810,1280,33.86243386
108,1,,D9AM,Apr-16,2AB,2AB.2.1.2013,5.86,1125,1625,42.31770833
108,2,,D9AM,Apr-16,2AB,2AB.2.1.2013,5.63,1650,2125,48.40546697
108,3,,D9AM,Apr-16,2AB,2AB.2.1.2013,5.58,1875,2400,56.73758865
110,1,,D9AM,Apr-16,2AB,2AB.1.1.2013,5.72,1395,1845,37.04819277
110,2,,D9AM,Apr-16,2AB,2AB.1.1.2013,5.76,1545,2045,46.47727273
110,3,,D9AM,Apr-16,2AB,2AB.1.1.2013,5.71,1420,1895,45.22673031
111,1,,D9AM,Apr-16,18,18.1.1.2015,5.47,2580,3240,66.46153846
111,2,,D9AM,Apr-16,18,18.1.1.2015,5.55,2530,3285,61.7481203
111,3,,D9AM,Apr-16,18,18.1.1.2015,5.52,2025,2555,68.59060403
112,1,,D9AM,Apr-16,18,18.2.1.2015,5.63,1270,1695,55.57377049
112,2,,D9AM,Apr-16,18,18.2.1.2015,5.55,1595,2100,53.23193916
112,3,,D9AM,Apr-16,18,18.2.1.2015,5.58,1750,2275,51.82232346
101,1,,D9PM,Apr-16,1AB,1AB.2.1.2013,5.99,550,900,2.352941176
101,2,,D9PM,Apr-16,1AB,1AB.2.1.2013,6.16,500,1000,17.05029838
101,3,,D9PM,Apr-16,1AB,1AB.2.1.2013,6.24,270,670,18.45730028
102,1,,D9PM,Apr-16,18,18.2.3.2015,6.13,400,600,20.58319039
102,2,,D9PM,Apr-16,18,18.2.3.2015,6.21,320,670,17.07006369
102,3,,D9PM,Apr-16,18,18.2.3.2015,6.24,270,645,18.01675978
103,1,,D9PM,Apr-16,2AB,2AB.1.2.2013,6.02,550,950,24.11167513
103,2,,D9PM,Apr-16,2AB,2AB.1.2.2013,5.99,540,880,25.65597668
103,3,,D9PM,Apr-16,2AB,2AB.1.2.2013,6.09,620,1080,21.99592668
104,1,,D9PM,Apr-16,1AB,1AB.1.1.2013,5.96,660,1060,26.33540373
104,2,,D9PM,Apr-16,1AB,1AB.1.1.2013,6.04,600,1050,23.72881356
104,3,,D9PM,Apr-16,1AB,1AB.1.1.2013,6.02,860,1400,25.78268877
106,1,,D9PM,Apr-16,18,18.2.4.2015,6.04,450,800,20.12578616
106,2,,D9PM,Apr-16,18,18.2.4.2015,6.21,290,640,15.92039801
106,3,,D9PM,Apr-16,18,18.2.4.2015,6.28,210,510,13.63636364
108,1,,D9PM,Apr-16,2AB,2AB.2.1.2013,5.94,760,1170,26.95852535
108,2,,D9PM,Apr-16,2AB,2AB.2.1.2013,6.14,375,715,19.50886767
108,3,,D9PM,Apr-16,2AB,2AB.2.1.2013,6.05,600,1030,23.0941704
110,1,,D9PM,Apr-16,2AB,2AB.1.1.2013,6.1,490,870,20.66508314
110,2,,D9PM,Apr-16,2AB,2AB.1.1.2013,6.16,430,820,18.48928974
110,3,,D9PM,Apr-16,2AB,2AB.1.1.2013,6.24,290,640,16.45244216
111,1,,D9PM,Apr-16,18,18.1.1.2015,6.04,470,770,18.07511737
111,2,,D9PM,Apr-16,18,18.1.1.2015,6.14,320,650,16.41414141
111,3,,D9PM,Apr-16,18,18.1.1.2015,6.07,450,650,23.72262774
112,1,,D9PM,Apr-16,18,18.2.1.2015,5.76,570,870,22.62678804
112,2,,D9PM,Apr-16,18,18.2.1.2015,6.01,500,830,22.16288385
112,3,,D9PM,Apr-16,18,18.2.1.2015,6.15,370,770,18.07511737
